,lfdn,game_id,player_type,treatment,coin,strategy,q1,q2,q3,q4,q5,D-factor,CRUD,PATHY,EGO,SPITE,MACH,SAD,SCTR,FRUST,NARC,PENT,MDIS,GRE,Age,gender,degree,age_str,degree_str,german_nat,s1,Framing,treat_unframed,Female,gender_Male,gender_ND,gender_Other,Dishonesty Score,STEM,non_STEM
0,28,210,2,1,0,2,0,0,0,1,0,1.63,1.5,2.5,3.67,1.0,4.5,5.0,3.0,2.0,4.67,4.5,1,4,3,2,32,25-34,Psychologie (Arbeits- und Organisationspsychologie),1,0,1,False,1,False,False,False,0.12072243346007606,0,1
1,42,210,2,1,0,2,0,0,0,0,0,1.83,2.25,2.83,2.67,1.5,2.75,4.6,2.5,1.5,3.67,4.5,2,5,2,2,2,18-24,Bio Science and Health,1,0,1,False,1,False,False,False,0.0,1,0
2,49,210,2,1,0,2,0,1,0,0,0,2.29,2.5,2.67,3.33,3.0,3.0,3.2,3.0,2.0,4.0,2.5,4,5,3,1,37,25-34,Usability Engineering,0,0,1,False,0,True,False,False,0.32414448669201523,1,0
3,51,210,2,1,0,1,0,1,0,0,0,2.2,2.5,2.5,3.0,1.5,3.0,4.4,3.0,1.5,3.67,3.5,1,4,2,4,35,18-24,Sustainable Agriculture,0,1,1,False,0,False,True,False,0.32414448669201523,1,0
4,59,210,2,1,0,2,1,0,0,0,0,1.94,2.25,3.0,3.0,1.0,3.5,4.2,3.5,1.5,4.33,3.5,1,4,2,2,32,18-24,Psychologie (Arbeits- und Organisationspsychologie),1,0,1,False,1,False,False,False,0.3659695817490494,0,1
5,72,210,2,1,0,1,1,0,1,1,0,2.66,3.5,3.0,3.33,1.5,2.5,3.8,3.5,1.5,3.33,3.5,4,4,2,1,23,18-24,International Taxation and Law,0,1,1,False,0,True,False,False,0.17332065906210392,0,1
6,78,210,2,1,0,2,0,0,0,0,1,1.91,2.75,2.5,3.33,1.5,3.0,4.6,3.0,2.0,3.67,3.5,1,4,3,2,24,25-34,Kindheitspädagogik,1,0,1,False,1,False,False,False,0.09030418250950568,0,1
7,81,210,2,1,0,1,0,0,0,1,0,2.14,2.5,3.0,3.0,2.0,3.75,4.4,3.5,3.0,3.33,4.0,2,4,3,1,27,25-34,Mechanical Engineering M. Sc.,0,1,1,False,0,True,False,False,0.12072243346007606,1,0
8,84,210,2,1,0,2,0,0,0,0,0,1.91,2.5,3.33,3.33,1.5,4.0,4.8,2.5,1.5,4.0,3.0,3,3,2,2,24,18-24,Kindheitspädagogik,1,0,1,False,1,False,False,False,0.0,0,1
9,107,210,2,1,0,2,0,0,0,0,0,2.11,2.25,2.67,2.67,2.5,3.75,3.8,3.0,2.0,3.67,3.5,2,4,3,2,35,25-34,Sustainable Agriculture,1,0,1,False,1,False,False,False,0.0,1,0
10,126,210,2,1,0,2,0,0,0,0,0,2.43,3.0,3.33,3.33,1.0,3.25,4.0,2.0,2.0,3.0,3.0,4,5,2,1,29,18-24,Medieninformatik,0,0,1,False,0,True,False,False,0.0,1,0
11,137,210,2,1,0,2,0,0,0,0,0,2.17,2.75,3.33,3.0,1.0,3.25,4.6,4.0,2.5,4.0,3.5,2,4,3,2,14,25-34,Gender and Diversity,0,0,1,False,1,False,False,False,0.0,0,1
12,140,210,2,1,0,2,0,0,0,0,0,2.03,2.75,2.83,3.0,1.0,2.5,4.2,3.0,2.5,4.0,3.5,3,4,3,1,10,25-34,Economics and Finance,0,0,1,False,0,True,False,False,0.0,0,1
13,151,210,2,1,0,2,0,0,0,0,0,1.66,2.5,2.67,2.67,1.5,3.25,4.6,3.5,2.0,4.67,3.5,1,4,2,2,25,18-24,Lebensmittelwissenschaften,1,0,1,False,1,False,False,False,0.0,0,1
14,161,210,2,1,0,2,0,1,0,0,0,2.0,2.5,3.0,3.67,1.0,3.5,5.0,3.0,1.5,3.33,3.0,1,4,2,2,20,18-24,International Business and Management,0,0,1,False,1,False,False,False,0.32414448669201523,0,1
15,163,210,2,1,0,2,0,0,0,0,0,2.09,3.0,2.83,4.0,1.5,4.5,4.8,3.5,2.0,4.0,3.5,1,4,2,1,35,18-24,Sustainable Agriculture,1,0,1,False,0,True,False,False,0.0,1,0
16,190,210,2,1,0,2,0,0,0,0,0,2.37,2.75,2.67,3.0,2.0,3.25,4.8,2.0,2.5,3.67,3.5,2,3,2,2,32,18-24,Psychologie (Arbeits- und Organisationspsychologie),1,0,1,False,1,False,False,False,0.0,0,1
17,230,210,2,1,0,2,0,1,0,0,0,1.63,1.25,2.83,3.0,1.0,2.5,4.8,3.0,1.5,4.67,3.0,1,4,3,3,17,25-34,Information and Communication Design,0,0,1,False,0,False,False,True,0.32414448669201523,0,1
18,237,210,2,1,0,1,1,1,1,0,0,2.66,3.0,3.17,3.33,2.5,3.5,3.4,3.0,3.0,3.33,2.5,3,4,2,1,7,18-24,Bionics/Biomimetics,0,1,1,False,0,True,False,False,0.241128010139417,1,0
19,248,210,2,1,0,2,1,0,0,0,0,1.4,2.25,2.33,2.67,1.5,3.0,4.6,3.0,1.0,4.33,4.0,1,4,2,2,3,18-24,Bioengineering,0,0,1,False,1,False,False,False,0.3659695817490494,1,0
20,256,210,2,1,0,2,0,0,0,0,0,2.0,2.5,2.67,3.67,1.5,2.25,4.6,3.0,1.5,3.67,2.0,3,5,2,1,26,18-24,Mechanical Engineering B. Sc.,0,0,1,False,0,True,False,False,0.0,1,0
21,264,210,2,1,0,1,0,0,0,0,0,2.43,3.5,2.83,3.33,1.0,2.5,4.4,4.0,1.5,3.0,3.0,2,4,3,2,14,25-34,Gender and Diversity,0,1,1,False,1,False,False,False,0.0,0,1
22,270,210,2,1,0,1,1,1,0,0,0,1.51,2.0,3.0,2.67,1.0,2.75,4.4,2.5,1.5,5.0,3.5,3,5,2,2,13,18-24,Environment and Energy,0,1,1,False,1,False,False,False,0.34505703422053235,1,0
23,287,210,2,1,0,2,0,0,0,0,1,2.54,2.5,2.33,2.67,2.5,3.5,4.0,2.0,2.5,3.33,3.5,2,4,2,2,29,18-24,Medieninformatik,1,0,1,False,1,False,False,False,0.09030418250950568,1,0
24,315,210,2,1,0,2,1,1,0,0,0,1.94,2.25,3.33,3.33,1.0,3.0,5.0,3.0,2.0,4.0,3.5,4,5,2,2,15,18-24,Gesundheitswissenschaften und -management,1,0,1,False,1,False,False,False,0.34505703422053235,0,1
25,333,210,2,1,0,2,0,0,0,0,0,3.17,3.25,3.0,4.0,1.5,3.0,3.6,2.5,2.5,2.0,3.0,2,3,3,2,3,25-34,Bioengineering,0,0,1,False,1,False,False,False,0.0,1,0
26,339,210,2,1,0,2,0,0,0,0,0,1.97,2.25,2.83,2.0,3.0,2.75,4.6,3.0,1.0,3.67,3.0,2,4,2,1,17,18-24,Information and Communication Design,0,0,1,False,0,True,False,False,0.0,0,1
27,357,210,2,1,0,2,0,0,0,0,0,2.49,2.5,3.0,3.33,4.5,2.0,4.0,3.0,2.5,3.67,3.0,2,4,2,1,28,18-24,Mechatronic Systems Engineering,0,0,1,False,0,True,False,False,0.0,1,0
28,366,210,2,1,0,2,0,1,0,0,0,1.63,2.75,3.0,2.67,1.0,3.25,4.4,3.5,1.5,4.67,3.5,2,4,3,2,14,25-34,Gender and Diversity,0,0,1,False,1,False,False,False,0.32414448669201523,0,1
29,367,210,2,1,0,2,0,0,0,0,0,1.77,2.25,2.5,2.33,1.0,3.5,4.4,2.5,1.5,4.33,4.0,3,5,5,2,15,45-54,Gesundheitswissenschaften und -management,1,0,1,False,1,False,False,False,0.0,0,1
30,372,210,2,1,0,2,0,0,0,0,1,2.06,3.0,2.83,3.67,1.0,3.5,4.4,3.0,2.0,3.67,2.5,1,5,3,1,36,25-34,Sustainable Development Management,0,0,1,False,0,True,False,False,0.09030418250950568,0,1
31,378,210,2,1,0,2,1,0,0,0,0,2.31,3.0,2.83,3.33,1.5,3.75,4.0,3.0,2.0,3.33,4.0,2,4,2,2,22,18-24,International Relations,0,0,1,False,1,False,False,False,0.3659695817490494,0,1
32,381,210,2,1,0,2,1,1,0,0,0,1.97,2.5,3.0,2.67,3.0,3.75,4.2,3.5,1.5,4.33,4.0,1,5,2,3,22,18-24,International Relations,0,0,1,False,0,False,False,True,0.34505703422053235,0,1
33,387,210,2,1,0,2,0,0,0,0,1,3.54,3.25,3.33,4.0,2.5,3.25,2.0,3.5,3.5,3.33,2.5,4,4,3,1,16,25-34,Industrial Engineering,0,0,1,False,0,True,False,False,0.09030418250950568,1,0
34,397,210,2,1,0,2,1,1,0,0,0,2.2,2.25,2.5,2.67,1.0,2.5,3.4,3.5,3.0,2.67,3.0,2,5,3,2,30,25-34,Mobility and Logistics,0,0,1,False,1,False,False,False,0.34505703422053235,1,0
35,415,210,2,1,0,2,0,0,0,0,0,1.6,2.5,3.0,3.0,1.0,2.75,5.0,3.0,1.0,3.67,3.0,1,3,3,2,36,25-34,Sustainable Development Management,0,0,1,False,1,False,False,False,0.0,0,1
36,425,210,2,1,0,2,0,0,0,0,0,2.31,2.75,3.0,2.33,3.5,3.25,4.0,2.5,1.0,4.0,3.5,2,3,2,1,22,18-24,International Relations,0,0,1,False,0,True,False,False,0.0,0,1
37,427,210,2,1,0,2,0,0,0,0,0,2.23,2.75,2.83,2.67,2.0,3.25,3.8,4.5,2.0,3.0,4.0,1,5,3,3,14,25-34,Gender and Diversity,0,0,1,False,0,False,False,True,0.0,0,1
38,452,210,2,1,0,2,0,0,0,0,0,2.09,2.0,3.0,3.67,2.0,3.0,5.0,4.0,3.0,3.67,3.0,3,5,3,1,14,25-34,Gender and Diversity,0,0,1,False,0,True,False,False,0.0,0,1
39,460,210,2,1,0,2,0,0,0,0,0,2.26,2.25,3.5,3.0,2.0,3.25,5.0,2.0,2.0,3.33,3.0,2,2,2,1,30,18-24,Mobility and Logistics,0,0,1,False,0,True,False,False,0.0,1,0
40,465,210,2,1,0,2,0,0,0,0,0,1.74,2.0,2.5,3.33,1.0,2.25,4.4,2.5,1.0,4.67,4.5,1,4,4,1,35,35-44,Sustainable Agriculture,1,0,1,False,0,True,False,False,0.0,1,0
41,491,210,2,1,0,1,0,0,0,1,0,2.49,3.0,3.33,1.67,2.5,2.5,3.4,3.0,2.5,4.0,2.5,3,3,3,1,35,25-34,Sustainable Agriculture,0,1,1,False,0,True,False,False,0.12072243346007606,1,0
42,508,210,2,1,0,2,0,0,0,0,0,2.6,2.5,3.0,3.67,3.0,2.25,3.8,3.0,2.0,3.0,3.5,2,4,3,1,1,25-34,Agribusiness,0,0,1,False,0,True,False,False,0.0,1,0
43,528,210,2,1,0,2,0,0,0,0,0,1.66,2.25,3.0,2.33,4.5,2.75,4.8,3.0,1.0,3.67,3.0,2,5,3,1,7,25-34,Bionics/Biomimetics,0,0,1,False,0,True,False,False,0.0,1,0
44,540,210,2,1,0,2,0,0,0,0,0,2.94,2.75,3.17,3.33,2.5,3.5,3.0,2.5,3.0,3.33,3.0,2,4,3,1,20,25-34,International Business and Management,1,0,1,False,0,True,False,False,0.0,0,1
45,550,210,2,1,0,2,0,0,0,0,0,1.4,2.75,2.5,2.33,1.0,2.75,5.0,3.0,1.0,5.0,3.5,1,5,2,2,31,18-24,Nachhaltiger Tourismus,1,0,1,False,1,False,False,False,0.0,0,1
46,555,210,2,1,0,2,0,0,0,0,0,1.74,2.25,3.33,3.33,2.0,3.5,5.0,3.5,1.0,3.67,3.0,1,4,3,1,13,25-34,Environment and Energy,0,0,1,False,0,True,False,False,0.0,1,0
47,559,210,2,1,0,1,0,0,0,0,0,2.23,2.5,3.0,3.33,1.5,4.0,4.2,3.0,2.5,3.33,4.0,2,5,2,2,22,18-24,International Relations,1,1,1,False,1,False,False,False,0.0,0,1
48,567,210,2,1,0,2,1,1,1,0,0,2.23,3.25,3.17,3.0,2.0,3.5,4.2,2.5,2.5,3.33,4.0,3,5,2,2,30,18-24,Mobility and Logistics,1,0,1,False,1,False,False,False,0.241128010139417,1,0
49,572,210,2,1,0,2,0,1,0,0,0,2.06,3.0,3.0,2.33,1.0,2.75,4.4,3.0,2.5,4.0,3.0,2,3,2,1,20,18-24,International Business and Management,0,0,1,False,0,True,False,False,0.32414448669201523,0,1
50,580,210,2,1,0,2,0,1,0,0,0,2.69,4.0,4.17,4.33,1.5,4.25,5.0,4.0,2.5,2.33,3.0,2,5,2,2,4,18-24,Biological Resources,0,0,1,False,1,False,False,False,0.32414448669201523,1,0
51,584,210,2,1,0,1,1,1,0,1,0,3.31,2.5,3.0,3.33,3.5,3.0,2.4,3.5,4.0,2.67,4.0,2,4,2,2,3,18-24,Bioengineering,0,1,1,False,1,False,False,False,0.27027883396704694,1,0
52,589,210,2,1,0,2,0,0,1,0,0,1.97,2.75,3.0,4.0,1.0,3.5,4.2,2.5,2.0,4.0,4.5,2,5,2,2,32,18-24,Psychologie (Arbeits- und Organisationspsychologie),1,0,1,False,1,False,False,False,0.0332699619771863,0,1
53,611,210,2,1,0,1,0,0,0,0,0,2.29,3.25,3.33,4.0,2.0,3.75,4.2,2.5,2.5,4.0,3.5,2,4,3,2,25,25-34,Lebensmittelwissenschaften,1,1,1,False,1,False,False,False,0.0,0,1
54,617,210,2,1,0,1,0,0,0,0,0,2.4,2.5,2.17,2.33,2.0,3.75,3.2,3.5,1.5,4.0,4.0,2,5,2,1,22,18-24,International Relations,0,1,1,False,0,True,False,False,0.0,0,1
55,624,210,2,1,0,2,1,0,0,0,0,2.4,2.5,3.17,3.67,1.5,3.75,3.6,3.0,2.5,3.33,2.5,3,3,3,4,10,25-34,Economics and Finance,0,0,1,False,0,False,True,False,0.3659695817490494,0,1
56,646,210,2,1,0,2,0,0,0,0,0,1.63,2.0,2.83,4.0,1.0,3.5,5.0,2.0,1.5,4.67,2.0,1,1,2,2,11,18-24,Electrical and Electronics Engineering,0,0,1,False,1,False,False,False,0.0,1,0
57,674,210,2,1,0,2,0,0,0,0,0,2.03,2.25,2.83,2.67,2.5,2.75,4.2,3.0,1.5,3.0,2.5,2,3,3,1,21,25-34,International Management and Psychology,0,0,1,False,0,True,False,False,0.0,0,1
58,676,210,2,1,0,2,0,0,0,0,0,2.46,2.5,3.5,4.0,1.5,2.25,4.4,3.0,2.0,3.33,2.5,2,4,3,1,22,25-34,International Relations,0,0,1,False,0,True,False,False,0.0,0,1
59,681,210,2,1,0,2,0,0,0,0,0,2.11,2.75,2.67,3.33,1.0,3.0,4.0,3.0,2.0,3.67,2.5,1,4,2,2,22,18-24,International Relations,0,0,1,False,1,False,False,False,0.0,0,1
60,686,210,2,1,0,2,0,0,0,0,0,2.0,2.25,2.33,3.0,2.0,3.25,4.2,2.5,1.5,3.33,3.5,1,4,2,2,24,18-24,Kindheitspädagogik,1,0,1,False,1,False,False,False,0.0,0,1
61,705,210,2,1,0,2,0,1,0,0,0,1.11,2.25,2.33,2.33,1.0,3.5,5.0,3.0,1.0,5.0,3.0,2,5,3,2,13,25-34,Environment and Energy,0,0,1,False,1,False,False,False,0.32414448669201523,1,0
62,707,210,2,1,0,2,0,0,0,1,0,2.29,2.0,3.67,3.67,1.5,3.5,4.2,3.5,2.0,3.0,3.0,2,3,2,1,16,18-24,Industrial Engineering,0,0,1,False,0,True,False,False,0.12072243346007606,1,0
63,714,210,2,1,0,2,1,0,1,0,0,1.94,2.25,2.5,3.33,1.5,3.25,4.2,2.5,2.0,4.0,4.0,2,4,3,2,31,25-34,Nachhaltiger Tourismus,1,0,1,False,1,False,False,False,0.19961977186311786,0,1
64,716,210,2,1,0,2,0,0,0,1,0,1.83,2.0,3.33,3.33,4.0,3.0,4.8,3.5,2.0,5.0,2.5,4,5,3,1,27,25-34,Mechanical Engineering M. Sc.,0,0,1,False,0,True,False,False,0.12072243346007606,1,0
65,738,210,2,1,0,2,0,0,0,0,0,1.89,2.75,3.0,3.0,2.0,3.75,5.0,3.0,2.5,4.67,4.5,3,5,2,2,24,18-24,Kindheitspädagogik,1,0,1,False,1,False,False,False,0.0,0,1
66,744,210,2,1,0,1,0,1,0,0,1,1.86,1.5,2.67,3.0,1.0,3.0,4.6,3.5,2.5,2.67,4.0,2,5,3,2,37,25-34,Usability Engineering,0,1,1,False,1,False,False,False,0.20722433460076045,1,0
67,758,210,2,1,0,2,0,0,0,0,0,2.31,2.5,3.0,3.0,1.0,3.0,3.8,2.5,2.0,4.0,3.5,1,4,2,1,29,I prefer not to say.,Medieninformatik,1,0,1,False,0,True,False,False,0.0,1,0
68,766,210,2,1,0,2,0,0,0,0,0,1.66,3.0,2.83,2.67,1.0,4.0,4.8,3.0,2.0,4.33,5.0,1,5,3,1,36,25-34,Sustainable Development Management,1,0,1,False,0,True,False,False,0.0,0,1
69,767,210,2,1,0,2,0,0,0,0,0,2.71,2.5,3.0,4.33,2.0,3.0,3.2,4.0,1.5,3.0,3.5,2,5,2,1,28,18-24,Mechatronic Systems Engineering,0,0,1,False,0,True,False,False,0.0,1,0
70,776,210,2,1,0,2,0,0,0,0,0,2.43,2.25,2.83,2.33,4.0,3.25,3.6,3.0,4.0,3.67,4.0,1,5,2,2,22,18-24,International Relations,1,0,1,False,1,False,False,False,0.0,0,1
71,17,110,1,1,0,2,0,0,0,0,0,1.37,2.25,2.83,2.33,1.0,3.0,5.0,3.5,1.0,5.0,3.5,2,5,2,1,28,18-24,Mechatronic Systems Engineering,0,0,1,False,0,True,False,False,0.0,1,0
72,19,110,1,1,0,2,0,0,0,0,0,2.51,2.75,3.17,3.0,2.5,3.25,3.8,3.5,2.5,3.33,3.0,3,3,2,2,21,18-24,International Management and Psychology,1,0,1,False,1,False,False,False,0.0,0,1
73,24,110,1,1,0,1,0,0,0,0,0,1.8,2.0,3.33,4.33,1.5,2.75,4.8,2.5,1.5,4.67,2.5,2,5,4,1,36,35-44,Sustainable Development Management,0,1,1,False,0,True,False,False,0.0,0,1
74,30,110,1,1,0,1,0,0,0,0,0,2.09,2.75,2.67,2.67,1.5,2.5,4.6,3.0,1.0,3.67,4.0,2,3,3,2,36,25-34,Sustainable Development Management,0,1,1,False,1,False,False,False,0.0,0,1
75,44,110,1,1,0,2,1,0,0,0,1,2.71,2.75,3.5,3.33,1.5,4.25,3.2,3.5,2.5,3.0,2.5,3,4,2,1,28,18-24,Mechatronic Systems Engineering,0,0,1,False,0,True,False,False,0.22813688212927755,1,0
76,80,110,1,1,0,2,0,0,0,0,0,2.0,3.0,2.33,3.33,1.5,3.25,5.0,3.5,2.0,3.0,2.5,4,4,3,1,7,25-34,Bionics/Biomimetics,0,0,1,False,0,True,False,False,0.0,1,0
77,90,110,1,1,0,2,1,0,0,0,0,2.31,3.0,3.0,3.0,2.5,3.75,4.0,3.0,1.5,3.33,3.5,3,3,2,2,22,18-24,International Relations,0,0,1,False,1,False,False,False,0.3659695817490494,0,1
78,96,110,1,1,0,1,1,1,0,0,0,2.77,2.75,3.17,3.67,3.0,3.5,3.4,3.0,2.5,3.0,4.0,3,4,2,1,28,18-24,Mechatronic Systems Engineering,0,1,1,False,0,True,False,False,0.34505703422053235,1,0
79,104,110,1,1,0,1,0,1,0,0,0,2.86,2.5,3.0,4.33,2.0,3.5,3.8,4.5,3.0,3.33,4.0,2,5,2,2,29,18-24,Medieninformatik,1,1,1,False,1,False,False,False,0.32414448669201523,1,0
80,120,110,1,1,0,1,0,0,1,0,0,1.91,2.5,1.67,2.67,1.0,3.5,4.0,3.5,1.5,4.0,3.5,1,5,2,1,22,18-24,International Relations,1,1,1,False,0,True,False,False,0.0332699619771863,0,1
81,145,110,1,1,0,1,0,1,0,0,0,2.29,2.0,2.83,2.67,2.0,2.75,4.8,3.0,2.0,3.0,3.5,2,4,3,1,1,25-34,Agribusiness,0,1,1,False,0,True,False,False,0.32414448669201523,1,0
82,147,110,1,1,0,1,0,0,0,0,0,2.43,2.5,2.83,3.33,3.0,2.75,3.6,2.0,2.0,4.67,4.5,1,5,3,1,3,25-34,Bioengineering,1,1,1,False,0,True,False,False,0.0,1,0
83,154,110,1,1,0,2,0,0,0,0,0,2.57,3.5,3.33,3.67,1.5,4.25,4.2,2.5,2.5,3.33,2.5,3,4,3,2,3,25-34,Bioengineering,0,0,1,False,1,False,False,False,0.0,1,0
84,160,110,1,1,0,1,0,0,0,0,0,1.8,2.75,3.0,3.33,1.5,3.0,4.6,3.0,2.0,4.67,3.0,2,4,3,2,31,25-34,Nachhaltiger Tourismus,1,1,1,False,1,False,False,False,0.0,0,1
85,177,110,1,1,0,1,0,0,0,0,0,2.26,2.75,2.67,2.67,2.0,3.0,3.6,2.5,2.5,3.33,2.5,2,5,2,1,35,18-24,Sustainable Agriculture,0,1,1,False,0,True,False,False,0.0,1,0
86,193,110,1,1,0,2,0,0,0,0,0,2.06,2.75,3.33,4.67,2.0,3.0,4.6,3.5,3.0,4.67,4.0,3,4,3,1,10,25-34,Economics and Finance,0,0,1,False,0,True,False,False,0.0,0,1
87,200,110,1,1,0,2,0,1,0,0,0,2.26,2.0,2.83,3.33,2.5,4.0,4.4,3.0,2.5,2.67,4.0,1,5,3,1,32,25-34,Psychologie (Arbeits- und Organisationspsychologie),1,0,1,False,0,True,False,False,0.32414448669201523,0,1
88,222,110,1,1,0,2,0,1,0,1,0,2.94,2.5,3.33,2.33,1.0,3.0,3.8,2.5,2.5,2.33,2.5,3,4,2,2,40,18-24,Don't want to answer the question.,0,0,1,False,1,False,False,False,0.22243346007604564,0,1
89,229,110,1,1,0,2,0,0,0,0,0,1.97,3.0,3.17,3.67,3.0,3.5,4.8,3.0,1.5,4.67,4.5,3,4,2,2,20,18-24,International Business and Management,1,0,1,False,1,False,False,False,0.0,0,1
90,231,110,1,1,0,1,1,0,0,0,0,2.14,3.0,2.5,3.0,1.5,3.5,4.4,3.0,1.5,3.33,4.0,3,4,2,2,19,18-24,International Business Administration,1,1,1,False,1,False,False,False,0.3659695817490494,0,1
91,238,110,1,1,0,1,0,0,0,0,0,2.0,2.75,3.17,2.67,3.0,3.0,4.8,2.5,2.5,4.67,4.0,2,4,3,1,10,25-34,Economics and Finance,1,1,1,False,0,True,False,False,0.0,0,1
92,251,110,1,1,0,1,1,0,0,1,0,2.37,3.5,3.17,3.0,1.5,3.75,4.4,3.0,1.5,3.33,2.0,4,4,2,2,10,18-24,Economics and Finance,0,1,1,False,1,False,False,False,0.24334600760456274,0,1
93,260,110,1,1,0,1,0,0,0,0,0,1.97,2.75,3.0,2.67,1.5,2.5,5.0,2.5,1.5,4.33,3.5,2,4,3,2,14,25-34,Gender and Diversity,0,1,1,False,1,False,False,False,0.0,0,1
94,268,110,1,1,0,1,0,0,0,0,1,2.29,2.5,3.0,3.0,1.0,3.0,4.0,2.5,2.5,4.0,3.5,2,4,2,2,33,18-24,"Qualität, Umwelt, Sicherheit und Hygiene",1,1,1,False,1,False,False,False,0.09030418250950568,0,1
95,293,110,1,1,0,1,1,1,0,1,1,2.63,3.0,3.67,4.0,1.0,4.75,3.6,3.0,3.0,3.33,3.0,4,5,2,1,16,18-24,Industrial Engineering,0,1,1,False,0,True,False,False,0.2252851711026616,1,0
96,309,110,1,1,0,1,0,0,0,0,0,2.63,2.0,2.67,3.33,2.0,3.0,3.0,2.0,2.5,2.67,1.5,3,4,3,1,1,25-34,Agribusiness,0,1,1,False,0,True,False,False,0.0,1,0
97,334,110,1,1,0,1,0,0,0,0,0,1.54,2.25,2.83,2.67,1.0,3.25,5.0,2.5,1.5,5.0,3.5,1,5,2,1,2,18-24,Bio Science and Health,1,1,1,False,0,True,False,False,0.0,1,0
98,342,110,1,1,0,1,0,1,0,1,0,3.31,3.5,3.67,4.0,3.5,3.25,3.0,3.5,3.0,2.67,3.5,3,4,2,4,3,18-24,Bioengineering,0,1,1,False,0,False,True,False,0.22243346007604564,1,0
99,350,110,1,1,0,1,0,0,0,0,0,1.91,2.75,2.67,3.33,1.5,3.5,5.0,3.0,2.0,4.33,3.5,2,4,4,2,39,35-44,None of that,1,1,1,False,1,False,False,False,0.0,0,1
100,351,110,1,1,0,2,1,0,0,0,1,2.51,3.25,3.0,3.33,2.5,3.0,4.0,3.5,2.0,3.0,2.0,3,3,3,2,36,25-34,Sustainable Development Management,0,0,1,False,1,False,False,False,0.22813688212927755,0,1
101,363,110,1,1,0,1,0,0,0,0,0,1.83,2.25,2.33,2.33,2.0,3.5,4.4,3.5,1.5,4.0,3.5,1,4,2,2,22,18-24,International Relations,1,1,1,False,1,False,False,False,0.0,0,1
102,369,110,1,1,0,1,0,0,0,0,0,2.77,3.0,3.33,3.67,3.0,2.5,3.8,3.5,3.0,3.67,3.5,4,4,2,1,11,18-24,Electrical and Electronics Engineering,0,1,1,False,0,True,False,False,0.0,1,0
103,376,110,1,1,0,1,0,0,0,0,0,1.4,2.75,2.67,3.0,1.0,2.75,5.0,3.0,1.5,5.0,4.0,2,5,2,2,31,18-24,Nachhaltiger Tourismus,1,1,1,False,1,False,False,False,0.0,0,1
104,393,110,1,1,0,1,0,0,0,0,0,1.51,1.75,3.0,2.33,1.5,2.75,4.6,3.5,1.0,3.67,3.5,4,5,2,2,14,18-24,Gender and Diversity,0,1,1,False,1,False,False,False,0.0,0,1
105,395,110,1,1,0,1,0,0,0,0,0,2.06,2.25,2.83,3.33,2.0,3.75,4.8,3.0,2.5,3.67,3.5,1,5,2,2,31,18-24,Nachhaltiger Tourismus,1,1,1,False,1,False,False,False,0.0,0,1
106,403,110,1,1,0,2,0,0,0,0,0,2.11,3.0,2.83,4.0,2.0,3.0,4.8,4.0,2.5,4.33,4.5,2,4,2,1,20,18-24,International Business and Management,1,0,1,False,0,True,False,False,0.0,0,1
107,411,110,1,1,0,2,0,0,0,0,0,2.03,2.75,2.83,3.33,1.0,3.0,4.4,3.0,1.5,4.33,4.5,2,4,2,2,3,18-24,Bioengineering,1,0,1,False,1,False,False,False,0.0,1,0
108,417,110,1,1,0,1,1,0,0,0,0,3.34,3.0,3.0,3.67,3.5,3.5,2.4,3.0,2.5,3.0,3.0,3,4,2,2,3,18-24,Bioengineering,0,1,1,False,1,False,False,False,0.3659695817490494,1,0
109,419,110,1,1,0,1,1,0,0,0,0,2.0,2.5,2.83,2.67,2.0,3.0,4.2,3.0,2.0,4.33,3.5,2,4,3,2,2,25-34,Bio Science and Health,1,1,1,False,1,False,False,False,0.3659695817490494,1,0
110,423,110,1,1,0,1,0,0,0,0,0,2.06,2.5,2.5,3.0,1.5,3.5,4.8,5.0,2.0,4.67,4.0,3,4,2,2,31,18-24,Nachhaltiger Tourismus,1,1,1,False,1,False,False,False,0.0,0,1
111,437,110,1,1,0,1,0,0,0,0,0,2.23,2.25,3.17,2.67,1.0,3.0,3.6,2.0,1.5,3.0,3.5,1,4,2,2,19,18-24,International Business Administration,1,1,1,False,1,False,False,False,0.0,0,1
112,442,110,1,1,0,1,0,0,0,0,0,2.17,1.5,2.83,2.33,2.0,1.75,4.6,3.0,2.0,3.33,4.0,4,4,3,1,8,25-34,Communication and Information Engineering,0,1,1,False,0,True,False,False,0.0,1,0
113,449,110,1,1,0,2,0,0,0,0,0,2.97,2.75,2.83,3.33,2.5,2.5,3.2,2.5,2.5,3.0,3.0,4,4,2,2,3,18-24,Bioengineering,0,0,1,False,1,False,False,False,0.0,1,0
114,454,110,1,1,0,2,1,0,0,0,0,2.06,2.5,3.0,3.67,2.0,2.5,4.6,2.5,1.5,2.67,3.5,2,3,3,1,4,25-34,Biological Resources,0,0,1,False,0,True,False,False,0.3659695817490494,1,0
115,461,110,1,1,0,2,1,1,0,0,0,2.6,3.0,4.0,3.33,1.5,2.5,4.0,4.5,1.0,3.33,2.5,4,4,3,1,14,25-34,Gender and Diversity,0,0,1,False,0,True,False,False,0.34505703422053235,0,1
116,469,110,1,1,0,1,0,0,0,0,0,2.49,3.0,3.17,4.0,2.0,2.75,4.0,2.0,1.5,3.33,2.5,2,5,2,2,23,18-24,International Taxation and Law,0,1,1,False,1,False,False,False,0.0,0,1
117,474,110,1,1,0,1,0,0,0,0,0,2.09,2.0,3.0,3.0,2.0,3.25,4.6,2.5,2.5,3.67,4.0,1,4,2,1,38,18-24,Verwaltungsinformatik - E-Government,1,1,1,False,0,True,False,False,0.0,1,0
118,475,110,1,1,0,1,1,0,0,0,0,2.03,3.0,2.83,3.67,1.5,4.25,4.4,2.5,2.0,4.33,3.0,3,4,3,2,5,25-34,Biomaterials Science,0,1,1,False,1,False,False,False,0.3659695817490494,1,0
119,495,110,1,1,0,1,1,1,0,0,0,2.91,3.75,3.17,3.67,2.5,3.5,4.0,3.0,3.5,3.33,4.0,3,4,3,1,20,25-34,International Business and Management,0,1,1,False,0,True,False,False,0.34505703422053235,0,1
120,510,110,1,1,0,1,0,0,0,0,0,2.77,3.5,3.17,4.0,2.0,3.25,3.8,3.5,3.0,3.0,3.0,2,4,3,1,18,25-34,Information Engineering and Computer Science,0,1,1,False,0,True,False,False,0.0,1,0
121,526,110,1,1,0,2,1,1,0,0,1,2.2,3.0,4.0,3.0,1.5,3.25,4.6,4.5,1.5,3.67,3.0,2,4,3,1,27,25-34,Mechanical Engineering M. Sc.,0,0,1,False,0,True,False,False,0.26013941698352344,1,0
122,548,110,1,1,0,2,0,0,0,1,0,2.46,2.75,3.5,3.0,2.0,3.0,3.8,2.5,2.5,3.67,3.5,4,4,3,1,14,25-34,Gender and Diversity,0,0,1,False,0,True,False,False,0.12072243346007606,0,1
123,556,110,1,1,0,1,1,0,0,0,0,2.51,3.0,3.33,3.67,1.0,3.25,4.2,3.5,2.5,3.67,2.5,3,2,3,1,26,25-34,Mechanical Engineering B. Sc.,0,1,1,False,0,True,False,False,0.3659695817490494,1,0
124,560,110,1,1,0,1,1,0,0,1,1,2.46,2.25,3.33,3.67,1.5,4.25,3.0,3.0,2.5,5.0,2.0,2,5,2,1,26,18-24,Mechanical Engineering B. Sc.,0,1,1,False,0,True,False,False,0.1923320659062104,1,0
125,575,110,1,1,0,2,0,0,0,0,0,1.97,3.0,2.83,2.67,1.5,3.5,4.2,3.0,1.5,4.67,3.5,2,4,2,2,31,18-24,Nachhaltiger Tourismus,1,0,1,False,1,False,False,False,0.0,0,1
126,615,110,1,1,0,2,1,1,0,0,0,1.83,2.75,3.17,2.33,1.0,3.5,4.2,3.5,2.5,3.67,3.0,1,4,2,2,32,18-24,Psychologie (Arbeits- und Organisationspsychologie),1,0,1,False,1,False,False,False,0.34505703422053235,0,1
127,635,110,1,1,0,1,0,0,0,0,0,2.06,2.0,3.0,2.33,1.0,2.75,3.4,3.0,1.0,5.0,3.0,1,5,2,1,29,18-24,Medieninformatik,1,1,1,False,0,True,False,False,0.0,1,0
128,644,110,1,1,0,2,1,0,0,0,0,2.54,3.75,3.0,4.0,2.0,3.0,4.2,3.5,2.0,3.67,2.5,3,3,2,1,26,18-24,Mechanical Engineering B. Sc.,0,0,1,False,0,True,False,False,0.3659695817490494,1,0
129,650,110,1,1,0,1,0,1,0,0,0,1.83,2.0,2.5,2.0,1.0,3.5,5.0,4.0,1.5,4.0,4.0,1,4,5,2,15,45-54,Gesundheitswissenschaften und -management,1,1,1,False,1,False,False,False,0.32414448669201523,0,1
130,662,110,1,1,0,2,0,0,0,0,0,2.43,2.25,3.17,3.0,2.0,3.5,4.0,1.5,2.5,4.0,3.5,2,5,4,1,7,35-44,Bionics/Biomimetics,1,0,1,False,0,True,False,False,0.0,1,0
131,679,110,1,1,0,1,0,0,0,0,0,1.91,2.25,2.67,4.0,1.5,3.25,4.8,3.5,1.0,4.33,3.0,3,5,2,2,26,18-24,Mechanical Engineering B. Sc.,0,1,1,False,1,False,False,False,0.0,1,0
132,694,110,1,1,0,1,1,0,0,1,0,2.37,2.25,3.67,3.67,2.5,4.0,4.6,3.0,2.5,3.33,2.0,4,4,3,2,14,25-34,Gender and Diversity,0,1,1,False,1,False,False,False,0.24334600760456274,0,1
133,701,110,1,1,0,2,0,0,0,0,0,2.4,2.75,3.0,3.67,1.5,3.25,4.0,3.5,1.5,3.33,2.5,3,4,2,2,3,18-24,Bioengineering,0,0,1,False,1,False,False,False,0.0,1,0
134,708,110,1,1,0,1,0,1,0,0,0,1.91,2.5,2.33,3.67,2.0,3.25,4.6,3.5,2.0,4.33,3.5,1,4,2,2,20,18-24,International Business and Management,1,1,1,False,1,False,False,False,0.32414448669201523,0,1
135,722,110,1,1,0,2,0,0,0,0,0,2.09,2.0,2.67,2.33,1.5,3.0,4.2,2.5,1.5,4.0,3.0,2,4,3,2,34,25-34,Science Communication and Bionics,1,0,1,False,1,False,False,False,0.0,1,0
136,724,110,1,1,0,2,0,0,0,0,0,2.29,2.25,3.33,4.33,1.5,2.75,4.2,4.0,1.5,3.67,3.5,4,4,2,2,13,18-24,Environment and Energy,0,0,1,False,1,False,False,False,0.0,1,0
137,734,110,1,1,0,1,1,0,0,0,0,1.69,1.75,3.0,3.0,2.5,3.25,4.8,3.5,1.0,4.33,3.5,2,4,2,2,31,18-24,Nachhaltiger Tourismus,1,1,1,False,1,False,False,False,0.3659695817490494,0,1
138,741,110,1,1,0,1,1,0,0,0,0,1.71,2.0,2.67,3.67,1.0,3.5,4.2,4.5,2.5,5.0,3.5,1,5,2,2,22,18-24,International Relations,1,1,1,False,1,False,False,False,0.3659695817490494,0,1
139,748,110,1,1,0,1,0,0,0,0,0,2.66,2.5,3.17,3.33,2.5,3.5,4.0,3.5,3.0,3.67,4.0,3,4,3,1,11,25-34,Electrical and Electronics Engineering,0,1,1,False,0,True,False,False,0.0,1,0
140,764,110,1,1,0,2,0,1,0,0,0,2.37,1.75,2.67,3.67,2.5,4.25,4.0,3.0,2.5,3.0,2.5,2,4,2,2,22,18-24,International Relations,1,0,1,False,1,False,False,False,0.32414448669201523,0,1
141,15,100,1,0,0,1,1,0,0,0,0,2.34,3.25,2.83,3.0,2.5,3.75,3.8,3.5,2.5,4.0,3.0,4,4,2,1,28,18-24,Mechatronic Systems Engineering,0,1,0,True,0,True,False,False,0.3659695817490494,1,0
142,26,100,1,0,0,2,0,0,0,0,0,2.54,2.75,3.5,4.33,2.0,4.0,3.8,3.5,3.5,4.33,4.0,3,5,2,1,26,18-24,Mechanical Engineering B. Sc.,1,0,0,True,0,True,False,False,0.0,1,0
143,27,100,1,0,0,2,0,1,0,0,0,2.4,2.25,3.33,3.0,2.5,3.5,4.4,3.5,3.0,3.0,3.5,2,4,3,1,3,25-34,Bioengineering,0,0,0,True,0,True,False,False,0.32414448669201523,1,0
144,39,100,1,0,0,1,0,0,0,0,0,1.83,2.25,2.83,3.0,1.0,3.75,4.6,2.5,2.5,4.67,3.5,2,4,2,2,22,18-24,International Relations,0,1,0,True,1,False,False,False,0.0,0,1
145,58,100,1,0,0,1,0,0,0,0,0,1.89,2.75,3.0,3.0,1.0,3.5,4.8,3.5,2.0,4.67,2.5,2,4,3,1,30,25-34,Mobility and Logistics,0,1,0,True,0,True,False,False,0.0,1,0
146,143,100,1,0,0,2,0,0,0,0,0,2.74,3.25,3.33,2.67,1.5,3.75,3.6,4.0,3.5,3.33,2.0,2,4,3,2,3,25-34,Bioengineering,0,0,0,True,1,False,False,False,0.0,1,0
147,152,100,1,0,0,1,0,0,0,0,0,2.11,2.0,2.83,3.67,2.5,3.25,4.6,4.0,2.0,3.67,3.0,3,5,3,1,23,25-34,International Taxation and Law,0,1,0,True,0,True,False,False,0.0,0,1
148,179,100,1,0,0,2,1,0,0,0,0,2.37,3.25,2.83,3.0,1.5,3.25,3.8,4.0,2.5,3.67,2.5,4,4,2,1,33,18-24,"Qualität, Umwelt, Sicherheit und Hygiene",1,0,0,True,0,True,False,False,0.3659695817490494,0,1
149,183,100,1,0,0,2,0,1,0,0,0,2.2,1.5,3.33,3.67,2.0,3.5,4.6,3.0,2.5,4.33,3.0,1,4,3,1,10,25-34,Economics and Finance,0,0,0,True,0,True,False,False,0.32414448669201523,0,1
150,187,100,1,0,0,1,1,0,0,0,0,2.29,2.75,3.17,3.33,3.5,3.5,4.6,3.5,2.0,3.67,4.5,3,4,2,1,26,18-24,Mechanical Engineering B. Sc.,0,1,0,True,0,True,False,False,0.3659695817490494,1,0
151,195,100,1,0,0,1,0,0,0,0,0,1.46,2.0,2.5,2.67,1.0,3.0,4.2,3.0,1.5,5.0,3.5,2,4,2,2,26,18-24,Mechanical Engineering B. Sc.,0,1,0,True,1,False,False,False,0.0,1,0
152,202,100,1,0,0,2,0,0,0,0,0,1.83,2.75,2.83,2.67,1.5,3.25,4.0,3.5,1.5,4.0,4.0,1,5,4,1,14,35-44,Gender and Diversity,0,0,0,True,0,True,False,False,0.0,0,1
153,205,100,1,0,0,2,1,0,0,0,0,2.03,2.75,2.0,3.67,1.0,3.25,4.2,2.5,1.5,4.33,2.5,3,4,2,1,26,18-24,Mechanical Engineering B. Sc.,0,0,0,True,0,True,False,False,0.3659695817490494,1,0
154,211,100,1,0,0,2,0,1,0,0,0,1.94,2.0,2.67,3.0,1.5,3.0,4.6,3.0,2.5,4.0,3.0,1,3,3,2,22,25-34,International Relations,1,0,0,True,1,False,False,False,0.32414448669201523,0,1
155,218,100,1,0,0,2,0,0,0,0,0,1.77,2.25,2.67,2.67,1.5,3.25,4.6,3.5,2.0,4.0,3.5,2,4,2,2,21,18-24,International Management and Psychology,1,0,0,True,1,False,False,False,0.0,0,1
156,219,100,1,0,0,2,0,0,0,0,0,2.37,2.5,3.33,3.0,1.5,4.0,4.4,3.5,2.5,3.33,3.5,2,2,2,2,32,18-24,Psychologie (Arbeits- und Organisationspsychologie),1,0,0,True,1,False,False,False,0.0,0,1
157,224,100,1,0,0,2,1,0,0,0,0,1.63,2.0,2.33,2.67,1.5,2.75,4.2,2.5,1.5,4.33,2.5,2,4,3,2,36,25-34,Sustainable Development Management,1,0,0,True,1,False,False,False,0.3659695817490494,0,1
158,235,100,1,0,0,1,0,0,0,0,0,2.23,2.5,2.67,3.67,1.0,3.75,4.2,2.5,3.0,4.0,4.0,1,5,2,1,3,18-24,Bioengineering,1,1,0,True,0,True,False,False,0.0,1,0
159,243,100,1,0,0,1,0,0,0,0,0,1.8,2.25,2.5,3.0,1.0,2.5,4.8,3.5,1.5,4.0,3.5,1,4,2,1,3,18-24,Bioengineering,0,1,0,True,0,True,False,False,0.0,1,0
160,250,100,1,0,0,2,1,0,0,0,0,2.6,3.5,3.17,3.67,2.5,3.25,3.0,3.5,2.0,4.0,2.5,4,4,2,1,18,18-24,Information Engineering and Computer Science,0,0,0,True,0,True,False,False,0.3659695817490494,1,0
161,261,100,1,0,0,1,0,1,0,0,0,2.54,3.25,3.0,3.0,2.0,3.25,3.8,3.0,2.5,3.33,3.0,4,4,3,1,26,25-34,Mechanical Engineering B. Sc.,0,1,0,True,0,True,False,False,0.32414448669201523,1,0
162,274,100,1,0,0,1,0,0,0,0,0,2.11,1.75,3.33,3.67,1.5,2.5,3.8,2.0,1.5,4.67,2.5,2,4,2,1,16,18-24,Industrial Engineering,0,1,0,True,0,True,False,False,0.0,1,0
163,291,100,1,0,0,2,1,1,0,1,0,2.26,2.5,3.17,3.33,1.5,3.5,4.8,3.5,1.5,3.67,2.5,2,3,2,1,26,18-24,Mechanical Engineering B. Sc.,0,0,0,True,0,True,False,False,0.27027883396704694,1,0
164,297,100,1,0,0,2,1,1,0,0,0,2.11,2.5,3.0,2.67,1.5,3.0,4.4,3.0,2.5,4.0,4.0,2,4,2,2,17,18-24,Information and Communication Design,0,0,0,True,1,False,False,False,0.34505703422053235,0,1
165,299,100,1,0,0,2,0,0,0,0,0,2.0,2.75,2.67,3.67,2.0,2.25,4.0,3.0,1.5,3.33,3.0,2,4,3,1,27,25-34,Mechanical Engineering M. Sc.,0,0,0,True,0,True,False,False,0.0,1,0
166,303,100,1,0,0,1,1,0,0,0,0,2.49,2.5,3.17,3.0,2.0,3.5,3.4,3.0,2.0,2.67,3.0,2,4,3,2,8,25-34,Communication and Information Engineering,0,1,0,True,1,False,False,False,0.3659695817490494,1,0
167,314,100,1,0,0,1,0,0,0,0,0,2.74,3.5,3.17,3.67,2.5,3.5,3.6,3.0,3.5,3.33,3.5,4,5,3,1,38,25-34,Verwaltungsinformatik - E-Government,1,1,0,True,0,True,False,False,0.0,1,0
168,319,100,1,0,0,1,0,0,0,0,0,2.66,2.0,3.5,3.0,2.0,2.75,3.8,3.0,3.0,4.0,3.0,1,4,2,2,24,18-24,Kindheitspädagogik,1,1,0,True,1,False,False,False,0.0,0,1
169,329,100,1,0,0,1,0,0,0,0,0,1.8,2.5,2.67,2.67,1.5,3.25,4.2,4.5,1.5,4.67,3.0,3,5,2,2,31,18-24,Nachhaltiger Tourismus,1,1,0,True,1,False,False,False,0.0,0,1
170,332,100,1,0,0,1,0,0,0,0,0,1.89,2.5,2.5,2.67,2.0,3.5,4.6,3.5,2.0,3.67,4.0,4,4,2,1,23,18-24,International Taxation and Law,0,1,0,True,0,True,False,False,0.0,0,1
171,343,100,1,0,0,1,0,0,1,0,0,2.0,2.0,3.0,4.0,1.5,3.5,4.8,4.5,1.0,4.0,3.0,3,5,4,1,29,35-44,Medieninformatik,1,1,0,True,0,True,False,False,0.0332699619771863,1,0
172,365,100,1,0,0,1,0,0,0,0,0,2.11,2.5,2.33,3.0,1.0,3.5,4.4,3.0,1.5,3.33,4.0,1,3,2,1,8,18-24,Communication and Information Engineering,0,1,0,True,0,True,False,False,0.0,1,0
173,404,100,1,0,0,1,1,0,0,1,0,2.03,2.75,3.0,4.0,1.0,3.5,4.4,3.0,2.0,4.0,3.0,4,4,3,1,1,25-34,Agribusiness,0,1,0,True,0,True,False,False,0.24334600760456274,1,0
174,439,100,1,0,0,2,1,0,0,0,0,1.66,2.0,2.33,4.0,1.5,3.5,4.8,3.0,1.5,4.33,3.0,2,5,2,2,16,18-24,Industrial Engineering,0,0,0,True,1,False,False,False,0.3659695817490494,1,0
175,456,100,1,0,0,2,0,0,0,0,0,2.0,3.0,3.17,3.0,1.0,4.25,4.6,2.5,2.0,4.0,4.0,2,5,3,2,32,25-34,Psychologie (Arbeits- und Organisationspsychologie),1,0,0,True,1,False,False,False,0.0,0,1
176,470,100,1,0,0,1,1,1,0,0,0,2.06,2.0,2.67,2.33,2.0,3.5,3.8,2.5,1.5,4.33,4.5,2,4,3,1,25,25-34,Lebensmittelwissenschaften,1,1,0,True,0,True,False,False,0.34505703422053235,0,1
177,476,100,1,0,0,2,1,1,0,0,0,2.46,2.0,3.33,3.33,1.0,3.5,3.2,3.0,2.0,3.67,3.5,1,5,3,1,30,25-34,Mobility and Logistics,1,0,0,True,0,True,False,False,0.34505703422053235,1,0
178,487,100,1,0,0,1,0,0,0,0,0,1.31,2.0,2.33,2.67,1.0,3.0,5.0,3.0,1.5,4.67,4.5,1,4,2,2,31,18-24,Nachhaltiger Tourismus,1,1,0,True,1,False,False,False,0.0,0,1
179,503,100,1,0,0,1,0,0,0,0,0,2.29,2.75,3.33,3.33,3.0,3.25,4.4,3.0,2.5,4.0,4.5,3,3,2,2,22,18-24,International Relations,1,1,0,True,1,False,False,False,0.0,0,1
180,511,100,1,0,0,1,1,1,0,0,0,3.17,3.0,3.0,4.33,2.0,4.0,2.6,2.5,3.5,3.0,3.0,3,3,2,1,22,18-24,International Relations,0,1,0,True,0,True,False,False,0.34505703422053235,0,1
181,519,100,1,0,0,1,0,0,0,0,0,2.4,2.75,3.33,3.33,1.5,2.25,4.0,2.5,2.0,3.67,3.0,3,4,3,2,20,25-34,International Business and Management,0,1,0,True,1,False,False,False,0.0,0,1
182,523,100,1,0,0,2,1,1,1,0,0,2.49,2.5,3.33,3.33,2.0,3.0,3.6,3.0,1.5,4.67,4.0,2,4,2,2,8,18-24,Communication and Information Engineering,0,0,0,True,1,False,False,False,0.241128010139417,1,0
183,532,100,1,0,0,2,0,0,0,0,0,2.11,3.0,2.33,2.67,1.0,2.75,4.2,3.0,2.0,3.33,3.0,2,4,2,2,37,18-24,Usability Engineering,0,0,0,True,1,False,False,False,0.0,1,0
184,546,100,1,0,0,1,0,0,0,0,0,2.29,2.25,3.0,2.67,1.5,2.5,3.2,3.0,1.5,3.33,3.0,3,4,3,2,30,25-34,Mobility and Logistics,0,1,0,True,1,False,False,False,0.0,1,0
185,581,100,1,0,0,1,0,0,0,0,0,2.11,2.75,3.0,2.33,1.0,3.0,3.0,2.5,2.5,4.0,3.5,1,5,6,2,1,Above 54,Agribusiness,0,1,0,True,1,False,False,False,0.0,1,0
186,591,100,1,0,0,2,1,1,0,0,1,1.8,2.25,3.0,2.67,1.0,3.0,4.4,3.0,2.5,4.33,4.0,3,5,2,1,3,18-24,Bioengineering,0,0,0,True,0,True,False,False,0.26013941698352344,1,0
187,604,100,1,0,0,2,0,1,0,0,0,2.34,2.25,3.0,3.0,1.5,2.75,3.8,2.0,2.5,3.0,3.0,2,3,2,1,19,18-24,International Business Administration,1,0,0,True,0,True,False,False,0.32414448669201523,0,1
188,613,100,1,0,0,2,0,0,0,0,0,1.26,2.0,2.33,2.33,2.0,3.0,5.0,3.0,1.0,4.67,3.5,2,5,3,2,24,25-34,Kindheitspädagogik,1,0,0,True,1,False,False,False,0.0,0,1
189,625,100,1,0,0,2,1,0,0,0,0,1.77,2.75,2.67,3.67,1.0,3.5,5.0,3.0,3.0,4.67,3.5,3,5,3,1,27,25-34,Mechanical Engineering M. Sc.,0,0,0,True,0,True,False,False,0.3659695817490494,1,0
190,627,100,1,0,0,2,0,0,0,0,0,2.09,2.25,3.0,2.33,1.0,4.0,4.6,3.5,3.0,4.0,4.0,3,4,3,2,32,25-34,Psychologie (Arbeits- und Organisationspsychologie),1,0,0,True,1,False,False,False,0.0,0,1
191,631,100,1,0,0,2,0,0,0,0,0,2.54,2.5,2.83,3.0,1.5,2.5,3.4,3.5,1.0,2.67,3.0,2,4,3,2,30,25-34,Mobility and Logistics,0,0,0,True,1,False,False,False,0.0,1,0
192,641,100,1,0,0,2,0,0,0,0,0,2.06,2.75,3.67,4.0,1.0,2.75,4.8,3.5,2.0,3.67,3.0,2,4,2,1,28,18-24,Mechatronic Systems Engineering,0,0,0,True,0,True,False,False,0.0,1,0
193,656,100,1,0,0,2,0,0,1,0,0,2.57,3.0,2.33,3.0,2.0,2.75,3.4,3.0,3.0,3.0,3.0,3,3,2,1,26,18-24,Mechanical Engineering B. Sc.,0,0,0,True,0,True,False,False,0.0332699619771863,1,0
194,668,100,1,0,0,1,0,0,0,1,0,1.6,2.0,2.67,2.67,1.0,2.0,4.4,2.5,1.0,4.33,4.0,2,4,3,1,26,25-34,Mechanical Engineering B. Sc.,0,1,0,True,0,True,False,False,0.12072243346007606,1,0
195,680,100,1,0,0,2,0,0,0,0,0,2.06,2.25,2.67,4.0,1.5,3.0,3.8,3.5,1.0,4.0,3.0,3,5,2,2,26,18-24,Mechanical Engineering B. Sc.,0,0,0,True,1,False,False,False,0.0,1,0
196,691,100,1,0,0,1,0,0,0,0,0,2.69,3.0,2.83,3.0,2.5,3.5,3.8,3.0,3.0,2.33,3.0,3,4,3,1,10,25-34,Economics and Finance,0,1,0,True,0,True,False,False,0.0,0,1
197,721,100,1,0,0,2,0,0,0,0,0,1.89,2.5,2.67,2.67,1.5,3.25,4.2,3.5,2.5,4.0,4.5,1,5,4,1,14,35-44,Gender and Diversity,0,0,0,True,0,True,False,False,0.0,0,1
198,750,100,1,0,0,1,0,0,0,0,0,2.29,1.75,2.67,3.67,2.5,2.75,3.8,2.0,1.0,4.0,1.5,2,4,3,2,1,25-34,Agribusiness,0,1,0,True,1,False,False,False,0.0,1,0
199,753,100,1,0,0,2,0,0,0,0,0,1.57,2.25,2.83,3.0,1.0,3.25,5.0,3.0,1.5,4.33,5.0,1,3,2,2,32,18-24,Psychologie (Arbeits- und Organisationspsychologie),1,0,0,True,1,False,False,False,0.0,0,1
200,756,100,1,0,0,2,0,0,0,0,0,2.06,2.5,2.5,3.0,1.5,3.0,4.0,2.5,2.0,4.0,4.0,2,4,3,2,35,25-34,Sustainable Agriculture,1,0,0,True,1,False,False,False,0.0,1,0
201,773,100,1,0,0,2,0,0,0,0,0,2.2,3.25,2.5,3.67,1.5,3.0,4.4,3.0,2.5,3.67,3.5,2,4,3,2,18,25-34,Information Engineering and Computer Science,0,0,0,True,1,False,False,False,0.0,1,0
202,779,100,1,0,0,2,0,0,0,0,0,2.63,3.25,3.67,4.0,1.0,3.5,4.8,3.5,2.5,3.67,2.5,3,4,2,1,8,18-24,Communication and Information Engineering,0,0,0,True,0,True,False,False,0.0,1,0
203,784,100,1,0,0,1,1,1,0,0,1,2.4,2.25,2.67,3.33,2.0,3.5,3.6,3.0,2.0,3.0,2.0,4,4,2,1,28,18-24,Mechatronic Systems Engineering,0,1,0,True,0,True,False,False,0.26013941698352344,1,0
204,22,200,2,0,0,1,0,1,0,0,0,2.57,3.75,3.67,3.33,2.0,4.0,3.8,3.0,2.0,4.0,3.5,4,5,2,2,23,18-24,International Taxation and Law,0,1,0,True,1,False,False,False,0.32414448669201523,0,1
205,57,200,2,0,0,2,0,0,0,0,0,2.03,2.25,2.83,3.33,1.0,3.0,4.0,2.5,2.0,4.33,4.0,3,4,2,2,20,18-24,International Business and Management,1,0,0,True,1,False,False,False,0.0,0,1
206,60,200,2,0,0,2,0,1,1,1,1,3.0,2.75,2.67,3.33,1.5,2.75,3.0,3.0,2.0,2.0,2.5,2,4,2,1,23,18-24,International Taxation and Law,0,0,0,True,0,True,False,False,0.14211026615969582,0,1
207,64,200,2,0,0,2,0,0,0,0,0,1.46,1.75,2.67,3.0,1.0,3.0,4.8,3.0,1.5,4.67,4.5,1,4,3,2,31,25-34,Nachhaltiger Tourismus,1,0,0,True,1,False,False,False,0.0,0,1
208,86,200,2,0,0,2,0,0,0,0,0,2.0,2.5,2.67,2.67,1.5,3.0,4.6,3.5,1.0,4.0,3.0,3,4,3,1,27,25-34,Mechanical Engineering M. Sc.,0,0,0,True,0,True,False,False,0.0,1,0
209,91,200,2,0,0,2,0,0,0,1,0,1.89,2.75,2.67,3.0,1.0,3.75,4.0,3.0,2.0,4.0,3.5,2,4,3,4,40,25-34,Don't want to answer the question.,0,0,0,True,0,False,True,False,0.12072243346007606,0,1
210,106,200,2,0,0,2,0,0,0,0,0,2.03,2.75,2.5,2.67,1.0,3.5,4.2,4.5,1.5,4.0,3.0,2,4,2,2,14,18-24,Gender and Diversity,1,0,0,True,1,False,False,False,0.0,0,1
211,108,200,2,0,0,2,0,0,0,0,0,1.54,2.0,2.83,3.33,1.0,3.25,4.8,3.0,1.0,3.67,3.5,1,5,3,2,22,25-34,International Relations,1,0,0,True,1,False,False,False,0.0,0,1
212,134,200,2,0,0,2,0,0,0,0,0,1.97,3.0,3.0,3.0,1.0,3.25,4.2,3.0,2.0,4.67,3.0,1,3,2,2,8,18-24,Communication and Information Engineering,0,0,0,True,1,False,False,False,0.0,1,0
213,136,200,2,0,0,1,0,0,0,0,0,2.2,2.5,3.17,5.0,3.5,3.0,4.2,3.0,1.5,4.33,2.0,2,3,2,2,4,18-24,Biological Resources,0,1,0,True,1,False,False,False,0.0,1,0
214,170,200,2,0,0,2,1,1,0,0,0,2.11,2.0,2.67,3.0,1.0,3.5,3.4,3.0,3.0,4.67,3.0,2,4,2,1,5,18-24,Biomaterials Science,0,0,0,True,0,True,False,False,0.34505703422053235,1,0
215,176,200,2,0,0,1,1,1,0,0,0,1.74,1.0,2.67,4.0,1.0,2.75,4.8,2.5,1.5,4.67,3.0,2,4,2,2,35,18-24,Sustainable Agriculture,0,1,0,True,1,False,False,False,0.34505703422053235,1,0
216,181,200,2,0,0,2,1,1,0,0,0,1.83,2.25,2.67,2.67,1.0,3.25,4.4,2.5,1.5,4.33,4.0,2,5,2,1,4,18-24,Biological Resources,1,0,0,True,0,True,False,False,0.34505703422053235,1,0
217,184,200,2,0,0,2,0,0,0,0,0,1.83,2.5,2.5,2.33,1.0,4.0,4.8,2.5,2.0,4.33,4.0,1,5,2,2,31,18-24,Nachhaltiger Tourismus,1,0,0,True,1,False,False,False,0.0,0,1
218,189,200,2,0,0,2,0,0,0,0,0,2.6,3.0,3.0,4.0,2.5,4.0,3.4,3.0,3.5,4.33,4.5,2,4,2,1,40,18-24,Don't want to answer the question.,1,0,0,True,0,True,False,False,0.0,0,1
219,198,200,2,0,0,2,0,0,0,0,0,1.66,2.5,3.0,3.0,1.0,2.75,5.0,2.5,1.5,4.67,4.5,2,4,3,2,7,25-34,Bionics/Biomimetics,1,0,0,True,1,False,False,False,0.0,1,0
220,212,200,2,0,0,2,0,1,0,0,1,2.6,2.0,3.0,3.0,3.0,4.25,4.0,4.0,2.5,3.33,3.0,3,3,3,1,40,25-34,Don't want to answer the question.,1,0,0,True,0,True,False,False,0.20722433460076045,0,1
221,242,200,2,0,0,2,0,1,0,0,0,2.29,3.0,3.17,2.67,1.0,3.75,3.6,2.5,2.0,3.67,3.0,3,3,2,2,3,18-24,Bioengineering,0,0,0,True,1,False,False,False,0.32414448669201523,1,0
222,254,200,2,0,0,2,0,0,0,0,0,1.83,2.75,2.67,4.33,1.0,3.25,4.4,4.5,1.0,4.67,5.0,1,5,3,2,15,25-34,Gesundheitswissenschaften und -management,1,0,0,True,1,False,False,False,0.0,0,1
223,265,200,2,0,0,2,0,1,0,0,0,1.94,2.75,2.67,2.67,1.0,3.75,4.4,2.5,1.5,3.67,2.0,1,4,2,2,19,18-24,International Business Administration,1,0,0,True,1,False,False,False,0.32414448669201523,0,1
224,279,200,2,0,0,2,0,0,0,0,1,3.26,3.0,2.33,4.0,3.0,3.0,2.0,2.5,2.5,2.33,2.5,1,1,2,1,22,18-24,International Relations,1,0,0,True,0,True,False,False,0.09030418250950568,0,1
225,286,200,2,0,0,2,0,0,0,0,0,2.43,2.75,2.83,4.33,1.0,3.25,4.0,2.5,1.5,3.67,4.5,4,5,3,1,19,25-34,International Business Administration,0,0,0,True,0,True,False,False,0.0,0,1
226,290,200,2,0,0,1,0,0,0,0,0,2.34,3.0,3.33,3.67,1.5,3.25,4.6,2.0,2.5,3.33,4.5,5,5,3,2,36,25-34,Sustainable Development Management,0,1,0,True,1,False,False,False,0.0,0,1
227,296,200,2,0,0,1,0,0,0,0,0,3.0,3.25,3.17,3.67,4.0,2.5,3.0,3.0,3.0,3.0,3.0,3,3,3,4,30,25-34,Mobility and Logistics,0,1,0,True,0,False,True,False,0.0,1,0
228,307,200,2,0,0,2,1,1,0,0,0,1.77,2.5,2.5,3.67,1.0,3.25,4.6,4.0,1.5,4.67,3.5,2,4,2,2,3,18-24,Bioengineering,1,0,0,True,1,False,False,False,0.34505703422053235,1,0
229,316,200,2,0,0,1,1,0,0,0,0,2.06,1.75,2.33,2.67,1.0,2.75,3.6,3.0,1.5,3.33,3.0,2,3,3,1,28,25-34,Mechatronic Systems Engineering,0,1,0,True,0,True,False,False,0.3659695817490494,1,0
230,320,200,2,0,0,2,0,0,0,0,0,2.89,3.0,3.0,4.33,2.0,3.0,3.4,3.0,3.0,3.0,3.0,3,3,3,1,27,25-34,Mechanical Engineering M. Sc.,0,0,0,True,0,True,False,False,0.0,1,0
231,325,200,2,0,0,2,0,0,0,0,0,1.37,2.25,2.33,2.67,2.5,2.75,4.8,3.0,1.5,5.0,3.5,2,4,3,2,39,25-34,None of that,1,0,0,True,1,False,False,False,0.0,0,1
232,331,200,2,0,0,2,0,0,0,0,0,1.63,2.75,2.83,3.0,1.0,3.25,5.0,2.5,2.0,5.0,4.0,2,4,2,2,31,18-24,Nachhaltiger Tourismus,1,0,0,True,1,False,False,False,0.0,0,1
233,345,200,2,0,0,2,0,0,0,0,0,1.74,2.5,2.83,3.67,1.0,2.75,4.8,2.5,2.0,3.67,1.5,1,4,3,2,26,25-34,Mechanical Engineering B. Sc.,0,0,0,True,1,False,False,False,0.0,1,0
234,354,200,2,0,0,1,1,1,1,0,1,3.09,3.25,3.67,3.0,4.0,3.5,3.0,3.0,2.5,2.67,3.5,3,4,2,1,26,18-24,Mechanical Engineering B. Sc.,0,1,0,True,0,True,False,False,0.20342205323193918,1,0
235,356,200,2,0,0,2,0,0,0,0,0,2.4,3.5,3.5,3.67,1.5,3.75,5.0,3.5,2.5,3.67,3.0,3,5,2,1,26,18-24,Mechanical Engineering B. Sc.,0,0,0,True,0,True,False,False,0.0,1,0
236,359,200,2,0,0,2,1,0,0,0,0,2.0,2.5,2.83,3.0,2.0,3.0,4.0,3.5,2.0,4.0,4.0,3,4,2,2,21,18-24,International Management and Psychology,1,0,0,True,1,False,False,False,0.3659695817490494,0,1
237,373,200,2,0,0,2,0,0,0,0,0,2.31,2.5,2.67,4.0,1.5,4.0,4.2,2.5,4.0,3.67,4.0,1,4,3,3,14,25-34,Gender and Diversity,0,0,0,True,0,False,False,True,0.0,0,1
238,405,200,2,0,0,2,0,0,0,0,0,2.29,2.5,3.0,3.33,1.5,3.25,4.4,3.0,2.5,3.67,3.0,2,4,3,1,13,25-34,Environment and Energy,0,0,0,True,0,True,False,False,0.0,1,0
239,410,200,2,0,0,2,1,1,0,1,1,2.26,2.25,3.0,3.0,2.0,3.5,3.8,3.0,3.0,4.33,3.5,2,4,3,1,18,25-34,Information Engineering and Computer Science,0,0,0,True,0,True,False,False,0.2252851711026616,1,0
240,433,200,2,0,0,2,0,0,0,0,0,2.49,2.75,2.83,3.33,1.5,4.25,4.0,2.0,1.5,4.0,2.5,4,3,3,1,13,25-34,Environment and Energy,0,0,0,True,0,True,False,False,0.0,1,0
241,436,200,2,0,0,1,1,1,0,0,0,2.34,3.5,2.83,3.33,3.0,2.75,4.2,3.0,2.0,3.67,3.5,3,4,3,1,7,25-34,Bionics/Biomimetics,0,1,0,True,0,True,False,False,0.34505703422053235,1,0
242,440,200,2,0,0,2,1,0,0,1,0,2.66,3.25,2.83,4.0,1.5,3.75,4.2,3.0,2.5,4.0,2.5,3,3,2,1,26,18-24,Mechanical Engineering B. Sc.,0,0,0,True,0,True,False,False,0.24334600760456274,1,0
243,444,200,2,0,0,2,0,0,1,1,0,2.49,2.5,3.0,3.0,1.5,3.25,4.0,3.0,3.0,3.33,3.0,3,3,2,2,14,18-24,Gender and Diversity,0,0,0,True,1,False,False,False,0.07699619771863118,0,1
244,451,200,2,0,0,2,0,0,0,0,0,2.49,3.25,2.67,2.67,3.0,2.75,4.4,3.0,2.5,3.33,4.0,2,4,2,2,19,18-24,International Business Administration,1,0,0,True,1,False,False,False,0.0,0,1
245,478,200,2,0,0,2,1,1,0,0,0,1.46,2.0,2.67,3.0,1.5,2.75,4.8,3.0,1.0,4.33,3.0,1,4,3,2,21,25-34,International Management and Psychology,1,0,0,True,1,False,False,False,0.34505703422053235,0,1
246,482,200,2,0,0,1,0,1,0,0,0,2.29,2.5,2.83,3.33,2.0,3.0,3.8,3.0,2.0,4.0,3.0,2,4,3,2,35,25-34,Sustainable Agriculture,0,1,0,True,1,False,False,False,0.32414448669201523,1,0
247,494,200,2,0,0,2,0,0,1,0,0,2.17,2.5,2.67,2.33,1.5,3.25,3.6,3.5,2.5,3.33,3.5,2,4,3,4,20,25-34,International Business and Management,0,0,0,True,0,False,True,False,0.0332699619771863,0,1
248,496,200,2,0,0,2,0,1,0,0,0,2.29,1.75,3.0,3.0,1.0,3.25,3.6,2.5,2.0,2.67,3.0,4,4,2,1,19,18-24,International Business Administration,0,0,0,True,0,True,False,False,0.32414448669201523,0,1
249,513,200,2,0,0,2,0,0,0,0,0,2.09,2.75,3.0,3.0,1.0,4.0,4.4,3.5,2.0,4.0,3.5,4,5,2,1,11,18-24,Electrical and Electronics Engineering,0,0,0,True,0,True,False,False,0.0,1,0
250,516,200,2,0,0,2,0,0,0,1,1,3.0,3.25,3.67,3.33,4.0,3.75,3.4,3.5,3.5,3.33,4.0,4,4,3,2,14,25-34,Gender and Diversity,0,0,0,True,1,False,False,False,0.10551330798479087,0,1
251,535,200,2,0,0,2,0,0,0,0,0,2.31,2.75,3.67,3.0,1.5,3.25,4.0,3.0,2.5,3.0,2.0,5,4,2,1,18,18-24,Information Engineering and Computer Science,0,0,0,True,0,True,False,False,0.0,1,0
252,549,200,2,0,0,1,1,0,0,0,0,2.71,2.75,2.67,3.33,2.5,3.25,2.8,4.0,3.0,3.33,2.5,3,4,2,4,4,18-24,Biological Resources,0,1,0,True,0,False,True,False,0.3659695817490494,1,0
253,590,200,2,0,0,2,0,0,0,0,0,2.4,2.25,3.17,3.0,1.0,3.0,4.0,3.0,3.0,4.0,4.0,1,2,2,1,29,18-24,Medieninformatik,1,0,0,True,0,True,False,False,0.0,1,0
254,596,200,2,0,0,2,0,0,0,0,0,1.29,2.0,2.5,3.0,1.0,2.5,4.8,2.5,1.0,5.0,3.0,1,4,2,3,14,18-24,Gender and Diversity,0,0,0,True,0,False,False,True,0.0,0,1
255,632,200,2,0,0,2,1,0,0,0,0,2.89,3.5,2.83,3.67,4.0,3.5,3.0,4.5,2.5,3.33,4.0,3,3,2,1,1,18-24,Agribusiness,0,0,0,True,0,True,False,False,0.3659695817490494,1,0
256,655,200,2,0,0,2,0,1,0,0,0,2.17,2.5,2.67,3.67,1.5,3.0,4.2,3.0,2.5,4.0,2.5,2,3,2,1,20,18-24,International Business and Management,0,0,0,True,0,True,False,False,0.32414448669201523,0,1
257,670,200,2,0,0,2,0,0,0,0,0,1.94,2.25,3.17,2.67,1.0,2.75,3.8,3.0,1.5,3.67,4.0,1,3,2,1,29,18-24,Medieninformatik,1,0,0,True,0,True,False,False,0.0,1,0
258,699,200,2,0,0,2,1,0,0,0,0,3.06,4.25,3.17,3.33,4.5,4.0,2.6,3.5,3.5,3.67,5.0,2,4,2,1,28,18-24,Mechatronic Systems Engineering,0,0,0,True,0,True,False,False,0.3659695817490494,1,0
259,725,200,2,0,0,2,0,0,0,0,0,1.86,2.75,3.0,2.33,1.0,4.25,4.2,3.0,1.5,4.33,2.5,3,5,2,2,3,18-24,Bioengineering,0,0,0,True,1,False,False,False,0.0,1,0
260,743,200,2,0,0,2,0,1,0,0,0,2.2,2.5,3.0,2.67,1.5,3.25,4.0,3.0,2.0,3.67,3.5,3,4,2,2,2,18-24,Bio Science and Health,1,0,0,True,1,False,False,False,0.32414448669201523,1,0
261,770,200,2,0,0,2,0,0,0,0,0,1.74,2.25,2.17,2.67,2.0,3.75,5.0,2.5,3.0,4.0,4.0,2,4,2,2,13,18-24,Environment and Energy,1,0,0,True,1,False,False,False,0.0,1,0
262,786,200,2,0,0,1,0,0,0,0,0,2.43,2.75,3.67,4.33,2.0,3.0,4.2,4.0,2.5,4.0,3.5,3,3,2,2,1,18-24,Agribusiness,0,1,0,True,1,False,False,False,0.0,1,0
263,14,211,2,1,1,2,0,0,0,0,1,2.6,2.5,3.33,3.33,1.5,3.0,3.8,3.5,2.5,3.33,3.5,2,4,3,2,3,25-34,Bioengineering,0,0,1,False,1,False,False,False,0.09030418250950568,1,0
264,16,211,2,1,1,2,0,1,0,0,1,2.2,2.5,3.17,3.0,1.0,3.0,4.2,4.5,2.5,2.67,2.0,4,4,2,2,3,18-24,Bioengineering,0,0,1,False,1,False,False,False,0.20722433460076045,1,0
265,33,211,2,1,1,2,0,0,0,0,0,1.86,1.5,3.0,3.67,4.0,3.75,5.0,3.0,1.0,3.33,1.0,3,5,3,1,30,25-34,Mobility and Logistics,0,0,1,False,0,True,False,False,0.0,1,0
266,36,211,2,1,1,2,0,1,1,1,0,1.49,2.0,2.67,3.33,1.0,3.0,4.8,3.5,1.5,4.33,4.0,1,4,4,2,24,35-44,Kindheitspädagogik,1,0,1,False,1,False,False,False,0.15937896070975918,0,1
267,43,211,2,1,1,2,1,1,0,1,0,2.46,2.25,2.67,3.0,1.5,3.0,3.8,3.0,3.0,3.33,4.0,4,4,2,2,19,18-24,International Business Administration,0,0,1,False,1,False,False,False,0.27027883396704694,0,1
268,65,211,2,1,1,2,1,1,0,1,1,1.86,2.0,2.67,3.0,1.0,3.0,5.0,3.5,1.5,4.33,4.0,1,5,2,1,8,18-24,Communication and Information Engineering,0,0,1,False,0,True,False,False,0.2252851711026616,1,0
269,70,211,2,1,1,2,0,0,1,0,0,1.91,2.5,2.83,3.33,1.0,2.25,4.6,3.0,1.5,4.33,2.5,3,4,2,1,31,18-24,Nachhaltiger Tourismus,1,0,1,False,0,True,False,False,0.0332699619771863,0,1
270,97,211,2,1,1,2,1,0,0,0,0,1.66,2.5,2.5,3.33,1.5,2.75,5.0,3.0,1.5,4.0,3.0,2,3,2,4,3,I prefer not to say.,Bioengineering,0,0,1,False,0,False,True,False,0.3659695817490494,1,0
271,114,211,2,1,1,2,1,1,1,0,0,2.49,2.25,3.5,3.67,3.5,2.75,4.0,3.0,2.5,3.0,3.0,2,4,2,2,3,18-24,Bioengineering,0,0,1,False,1,False,False,False,0.241128010139417,1,0
272,119,211,2,1,1,2,1,0,0,0,0,2.14,1.75,2.83,2.67,4.0,3.75,3.6,3.0,3.0,5.0,4.0,1,4,2,2,35,18-24,Sustainable Agriculture,1,0,1,False,1,False,False,False,0.3659695817490494,1,0
273,150,211,2,1,1,1,1,0,0,0,0,2.89,2.5,3.0,2.67,3.0,3.0,3.2,3.5,3.0,3.33,3.5,3,4,3,1,26,25-34,Mechanical Engineering B. Sc.,1,1,1,False,0,True,False,False,0.3659695817490494,1,0
274,168,211,2,1,1,2,1,0,0,1,1,2.03,2.25,2.33,2.67,1.5,4.25,4.6,2.5,3.0,3.67,3.5,1,5,2,1,28,18-24,Mechatronic Systems Engineering,1,0,1,False,0,True,False,False,0.1923320659062104,1,0
275,172,211,2,1,1,1,0,1,0,0,0,1.89,2.5,2.5,2.67,1.5,3.75,4.2,3.0,2.0,4.33,3.5,1,5,2,2,30,18-24,Mobility and Logistics,1,1,1,False,1,False,False,False,0.32414448669201523,1,0
276,178,211,2,1,1,2,0,0,0,0,0,1.69,2.5,3.0,3.33,1.0,3.5,4.0,3.0,1.5,4.67,4.0,2,4,2,2,32,18-24,Psychologie (Arbeits- und Organisationspsychologie),1,0,1,False,1,False,False,False,0.0,0,1
277,182,211,2,1,1,2,1,1,0,0,0,3.03,2.75,3.17,3.33,1.0,3.25,2.6,3.0,3.0,3.0,4.5,2,4,2,2,32,18-24,Psychologie (Arbeits- und Organisationspsychologie),1,0,1,False,1,False,False,False,0.34505703422053235,0,1
278,185,211,2,1,1,2,0,0,0,0,0,2.4,3.0,2.83,3.67,1.0,2.75,4.2,2.0,1.5,3.67,3.5,3,2,2,2,28,18-24,Mechatronic Systems Engineering,0,0,1,False,1,False,False,False,0.0,1,0
279,196,211,2,1,1,2,1,0,0,0,1,2.31,2.75,3.17,4.0,1.0,3.5,4.8,4.0,2.5,4.0,3.0,2,4,2,1,26,18-24,Mechanical Engineering B. Sc.,0,0,1,False,0,True,False,False,0.22813688212927755,1,0
280,207,211,2,1,1,2,1,0,0,0,0,1.51,2.25,2.83,2.33,1.5,2.75,4.8,3.0,1.5,4.67,2.5,4,4,2,1,3,18-24,Bioengineering,0,0,1,False,0,True,False,False,0.3659695817490494,1,0
281,221,211,2,1,1,2,1,0,0,1,0,2.29,3.25,2.67,3.33,2.5,3.0,4.4,2.5,2.0,3.67,2.0,3,3,2,1,28,18-24,Mechatronic Systems Engineering,0,0,1,False,0,True,False,False,0.24334600760456274,1,0
282,223,211,2,1,1,2,1,1,0,0,0,2.63,1.75,3.0,4.0,1.5,3.25,3.8,3.0,3.0,3.0,3.0,3,4,3,1,26,25-34,Mechanical Engineering B. Sc.,0,0,1,False,0,True,False,False,0.34505703422053235,1,0
283,233,211,2,1,1,1,1,1,1,1,0,2.8,3.0,3.0,3.33,3.5,3.5,3.8,3.5,3.0,3.33,3.0,4,3,3,1,18,25-34,Information Engineering and Computer Science,0,1,1,False,0,True,False,False,0.21102661596958178,1,0
284,240,211,2,1,1,2,1,1,1,0,0,3.26,4.0,3.67,3.67,3.5,3.75,3.2,3.0,4.0,3.33,4.0,5,4,2,2,3,18-24,Bioengineering,0,0,1,False,1,False,False,False,0.241128010139417,1,0
285,253,211,2,1,1,2,1,0,0,1,0,2.31,2.25,3.17,3.33,2.0,3.0,3.2,2.0,1.5,3.67,2.5,2,4,3,1,20,25-34,International Business and Management,1,0,1,False,0,True,False,False,0.24334600760456274,0,1
286,262,211,2,1,1,2,0,0,0,0,0,2.31,3.0,3.17,4.33,2.5,3.0,3.6,3.5,2.5,3.67,2.0,3,4,3,1,22,25-34,International Relations,0,0,1,False,0,True,False,False,0.0,0,1
287,273,211,2,1,1,2,0,0,0,0,0,2.0,2.25,3.17,3.67,1.0,3.75,4.8,3.0,1.5,4.67,3.5,1,3,2,2,2,18-24,Bio Science and Health,1,0,1,False,1,False,False,False,0.0,1,0
288,277,211,2,1,1,2,1,0,0,1,1,1.71,2.75,2.67,2.67,1.0,3.75,4.6,2.5,1.5,4.33,3.0,1,3,2,2,3,18-24,Bioengineering,1,0,1,False,1,False,False,False,0.1923320659062104,1,0
289,282,211,2,1,1,1,1,1,0,0,0,2.2,2.0,2.5,2.67,1.0,2.25,4.4,2.0,1.5,3.0,2.5,3,3,3,4,26,25-34,Mechanical Engineering B. Sc.,0,1,1,False,0,False,True,False,0.34505703422053235,1,0
290,292,211,2,1,1,2,1,1,0,0,1,2.31,2.25,3.17,2.67,1.0,3.25,3.8,4.0,2.5,3.33,4.5,2,5,3,2,3,25-34,Bioengineering,0,0,1,False,1,False,False,False,0.26013941698352344,1,0
291,298,211,2,1,1,2,0,1,0,0,1,1.91,2.75,3.33,2.67,1.5,3.5,5.0,2.5,1.5,4.33,4.5,3,5,2,2,35,18-24,Sustainable Agriculture,1,0,1,False,1,False,False,False,0.20722433460076045,1,0
292,305,211,2,1,1,2,1,0,0,1,1,2.2,3.0,3.0,4.0,1.5,3.5,4.6,3.5,2.5,4.0,2.5,2,4,2,1,27,18-24,Mechanical Engineering M. Sc.,0,0,1,False,0,True,False,False,0.1923320659062104,1,0
293,312,211,2,1,1,2,0,0,0,0,0,2.49,2.75,3.33,4.0,1.5,2.75,3.8,3.0,2.0,3.67,4.0,2,2,3,1,40,25-34,Don't want to answer the question.,0,0,1,False,0,True,False,False,0.0,0,1
294,330,211,2,1,1,2,0,1,0,1,1,2.74,3.25,4.0,3.67,1.5,4.0,4.2,5.0,3.5,3.33,3.0,4,5,3,2,10,25-34,Economics and Finance,0,0,1,False,1,False,False,False,0.17839036755386564,0,1
295,344,211,2,1,1,1,1,1,0,0,0,2.57,3.0,3.5,3.0,1.5,3.5,3.6,3.0,1.5,2.0,3.0,2,4,3,2,3,25-34,Bioengineering,0,1,1,False,1,False,False,False,0.34505703422053235,1,0
296,352,211,2,1,1,1,0,0,0,1,1,2.77,3.75,4.17,2.67,3.5,2.75,4.0,3.5,3.5,3.0,4.5,4,3,2,2,3,18-24,Bioengineering,0,1,1,False,1,False,False,False,0.10551330798479087,1,0
297,386,211,2,1,1,2,0,0,0,1,0,2.03,1.5,4.17,2.67,1.5,3.0,5.0,3.0,1.5,3.33,2.5,4,4,3,1,36,25-34,Sustainable Development Management,0,0,1,False,0,True,False,False,0.12072243346007606,0,1
298,407,211,2,1,1,2,1,1,0,0,1,2.34,3.0,2.67,2.67,1.5,3.0,4.0,4.0,1.0,3.33,4.0,2,5,2,1,19,18-24,International Business Administration,1,0,1,False,0,True,False,False,0.26013941698352344,0,1
299,414,211,2,1,1,2,1,0,0,1,0,2.57,3.5,3.0,4.0,2.5,3.5,3.8,3.5,2.5,4.0,3.5,2,5,3,1,7,25-34,Bionics/Biomimetics,0,0,1,False,0,True,False,False,0.24334600760456274,1,0
300,422,211,2,1,1,2,1,1,1,0,0,1.77,2.25,2.83,2.67,2.5,3.5,4.6,3.0,2.0,4.33,4.0,1,4,2,4,14,18-24,Gender and Diversity,1,0,1,False,0,False,True,False,0.241128010139417,0,1
301,438,211,2,1,1,2,1,1,0,1,0,2.17,2.5,3.33,4.67,3.5,3.5,5.0,3.0,1.5,3.67,2.0,4,4,2,1,19,18-24,International Business Administration,0,0,1,False,0,True,False,False,0.27027883396704694,0,1
302,441,211,2,1,1,1,1,0,0,1,1,2.0,2.25,3.0,3.0,2.5,3.75,4.0,3.0,2.5,4.33,2.0,2,4,3,1,10,25-34,Economics and Finance,0,1,1,False,0,True,False,False,0.1923320659062104,0,1
303,443,211,2,1,1,1,0,1,0,0,0,1.91,1.0,2.83,2.67,1.0,4.0,4.2,1.0,4.5,4.33,3.5,1,5,2,1,20,18-24,International Business and Management,0,1,1,False,0,True,False,False,0.32414448669201523,0,1
304,458,211,2,1,1,2,1,0,1,0,0,1.6,2.5,2.83,2.33,1.0,3.0,5.0,2.5,1.5,5.0,5.0,3,5,2,1,1,18-24,Agribusiness,1,0,1,False,0,True,False,False,0.19961977186311786,1,0
305,473,211,2,1,1,2,0,0,0,0,0,1.8,1.75,2.0,2.67,1.0,3.0,4.8,4.5,1.0,4.33,3.5,1,4,3,2,35,25-34,Sustainable Agriculture,0,0,1,False,1,False,False,False,0.0,1,0
306,477,211,2,1,1,2,1,1,1,1,1,2.26,3.0,2.67,3.67,1.0,2.5,3.6,3.0,2.0,4.0,4.0,3,3,3,2,35,25-34,Sustainable Agriculture,0,0,1,False,1,False,False,False,0.18688212927756656,1,0
307,486,211,2,1,1,2,1,0,0,1,0,2.37,2.75,3.0,3.67,1.5,3.0,4.2,3.0,1.5,3.33,2.0,1,3,3,2,1,25-34,Agribusiness,0,0,1,False,1,False,False,False,0.24334600760456274,1,0
308,490,211,2,1,1,2,0,0,0,0,0,1.83,2.25,2.33,3.0,1.5,3.5,4.8,2.5,1.5,4.33,4.0,2,4,3,2,35,25-34,Sustainable Agriculture,1,0,1,False,1,False,False,False,0.0,1,0
309,500,211,2,1,1,2,0,1,1,1,0,1.8,3.0,2.67,3.33,1.0,1.75,4.4,1.5,1.5,4.67,3.5,1,4,2,1,1,18-24,Agribusiness,0,0,1,False,0,True,False,False,0.15937896070975918,1,0
310,524,211,2,1,1,2,0,0,0,0,0,2.77,2.5,2.83,4.33,3.5,2.0,4.2,4.0,4.0,3.67,2.5,2,3,2,1,28,18-24,Mechatronic Systems Engineering,0,0,1,False,0,True,False,False,0.0,1,0
311,533,211,2,1,1,2,1,1,1,1,0,2.23,3.25,3.83,2.67,1.0,3.25,4.4,2.5,3.5,4.67,2.5,2,4,2,1,28,18-24,Mechatronic Systems Engineering,0,0,1,False,0,True,False,False,0.21102661596958178,1,0
312,536,211,2,1,1,2,1,0,0,0,0,3.49,4.75,3.67,4.33,3.5,3.75,3.4,2.5,4.0,2.33,3.5,4,2,2,1,27,18-24,Mechanical Engineering M. Sc.,0,0,1,False,0,True,False,False,0.3659695817490494,1,0
313,545,211,2,1,1,2,0,1,1,0,0,1.89,2.5,3.0,2.33,1.5,4.25,3.6,3.0,2.5,4.67,3.0,1,3,3,2,10,25-34,Economics and Finance,1,0,1,False,1,False,False,False,0.17870722433460076,0,1
314,577,211,2,1,1,2,0,0,1,0,0,2.54,2.5,3.67,3.0,3.0,3.25,2.6,4.5,3.0,4.67,4.5,1,3,3,2,10,25-34,Economics and Finance,1,0,1,False,1,False,False,False,0.0332699619771863,0,1
315,608,211,2,1,1,2,0,0,0,0,0,2.11,1.5,3.0,2.0,1.5,3.0,4.2,1.5,1.5,4.33,2.0,1,2,3,1,30,25-34,Mobility and Logistics,0,0,1,False,0,True,False,False,0.0,1,0
316,628,211,2,1,1,2,0,1,0,0,0,2.54,2.75,2.67,2.67,3.5,4.0,3.2,3.0,3.5,3.67,4.0,1,4,2,2,32,18-24,Psychologie (Arbeits- und Organisationspsychologie),1,0,1,False,1,False,False,False,0.32414448669201523,0,1
317,639,211,2,1,1,2,1,1,1,0,0,2.6,2.5,3.0,3.33,2.5,3.25,2.2,1.0,3.0,2.67,4.0,1,5,2,1,13,18-24,Environment and Energy,1,0,1,False,0,True,False,False,0.241128010139417,1,0
318,647,211,2,1,1,2,1,1,0,1,0,1.94,2.5,3.0,3.33,2.5,3.0,5.0,3.0,1.5,4.67,3.0,3,4,3,2,19,25-34,International Business Administration,0,0,1,False,1,False,False,False,0.27027883396704694,0,1
319,651,211,2,1,1,2,0,1,0,0,0,2.4,2.75,2.83,3.67,2.5,3.75,4.0,3.0,2.0,3.33,2.5,4,4,2,2,30,18-24,Mobility and Logistics,0,0,1,False,1,False,False,False,0.32414448669201523,1,0
320,664,211,2,1,1,2,0,1,0,0,0,2.03,3.0,2.67,3.67,2.0,3.0,4.0,3.0,1.5,4.67,4.0,1,4,2,1,2,18-24,Bio Science and Health,1,0,1,False,0,True,False,False,0.32414448669201523,1,0
321,667,211,2,1,1,2,1,0,0,0,0,2.23,2.75,2.33,3.0,2.0,2.75,3.8,3.0,2.0,3.67,3.0,2,3,3,2,4,25-34,Biological Resources,0,0,1,False,1,False,False,False,0.3659695817490494,1,0
322,693,211,2,1,1,2,0,1,0,0,0,1.63,2.25,2.33,3.33,2.0,3.25,4.2,3.0,2.0,4.33,3.0,1,4,2,2,19,18-24,International Business Administration,1,0,1,False,1,False,False,False,0.32414448669201523,0,1
323,696,211,2,1,1,2,1,0,0,0,0,2.63,3.25,3.33,4.67,2.0,3.75,4.0,3.0,3.0,3.67,3.0,3,4,3,1,27,25-34,Mechanical Engineering M. Sc.,0,0,1,False,0,True,False,False,0.3659695817490494,1,0
324,700,211,2,1,1,2,0,0,1,0,0,2.4,2.5,3.5,4.33,1.5,3.0,4.4,2.5,2.0,3.33,4.0,2,4,3,1,26,25-34,Mechanical Engineering B. Sc.,0,0,1,False,0,True,False,False,0.0332699619771863,1,0
325,719,211,2,1,1,2,1,0,0,1,0,2.66,3.0,2.83,2.33,1.5,3.5,3.6,3.5,2.0,2.67,3.5,2,4,3,2,17,25-34,Information and Communication Design,0,0,1,False,1,False,False,False,0.24334600760456274,0,1
326,726,211,2,1,1,2,0,1,0,1,0,2.06,2.25,2.5,3.33,1.5,3.0,4.0,3.0,2.0,4.0,4.5,2,4,2,2,13,18-24,Environment and Energy,0,0,1,False,1,False,False,False,0.22243346007604564,1,0
327,730,211,2,1,1,2,0,0,0,0,0,1.94,2.5,2.83,3.33,3.0,2.5,4.8,2.5,2.0,4.0,4.0,2,4,5,2,24,45-54,Kindheitspädagogik,0,0,1,False,1,False,False,False,0.0,0,1
328,739,211,2,1,1,2,1,1,1,1,1,2.77,2.25,3.0,4.33,4.5,3.5,3.6,3.0,4.0,4.0,4.5,4,5,2,1,11,18-24,Electrical and Electronics Engineering,0,0,1,False,0,True,False,False,0.18688212927756656,1,0
329,747,211,2,1,1,1,1,0,0,0,0,2.4,2.75,3.5,3.67,3.5,3.25,4.0,3.5,2.0,4.0,3.0,4,4,3,1,19,25-34,International Business Administration,0,1,1,False,0,True,False,False,0.3659695817490494,0,1
330,772,211,2,1,1,2,0,1,0,0,0,1.94,2.5,3.0,3.67,1.0,4.0,5.0,3.5,2.5,3.67,3.5,1,5,3,2,19,25-34,International Business Administration,1,0,1,False,1,False,False,False,0.32414448669201523,0,1
331,780,211,2,1,1,2,1,0,0,1,0,2.2,2.0,3.0,4.0,1.5,2.75,4.6,1.5,1.5,3.33,3.5,3,4,3,2,4,25-34,Biological Resources,0,0,1,False,1,False,False,False,0.24334600760456274,1,0
332,783,211,2,1,1,1,0,0,0,0,1,1.66,2.75,3.0,3.0,2.0,3.0,5.0,2.5,2.0,5.0,3.0,3,4,3,1,4,25-34,Biological Resources,1,1,1,False,0,True,False,False,0.09030418250950568,1,0
333,35,111,1,1,1,2,0,0,1,0,1,1.51,2.75,2.67,2.33,1.0,3.5,4.6,3.0,1.0,4.67,4.0,2,4,2,2,32,18-24,Psychologie (Arbeits- und Organisationspsychologie),1,0,1,False,1,False,False,False,0.061787072243345995,0,1
334,41,111,1,1,1,2,0,1,1,0,0,1.71,2.0,2.67,3.33,2.0,2.75,4.6,3.0,2.5,4.33,3.5,2,5,2,4,40,I prefer not to say.,Don't want to answer the question.,0,0,1,False,0,False,True,False,0.17870722433460076,0,1
335,47,111,1,1,1,1,0,1,0,0,0,2.0,2.0,2.33,2.33,1.0,2.75,4.0,3.0,2.0,3.33,3.5,2,3,2,1,22,18-24,International Relations,1,1,1,False,0,True,False,False,0.32414448669201523,0,1
336,55,111,1,1,1,1,0,1,0,0,0,1.91,2.25,2.33,2.33,1.0,3.0,4.0,3.0,2.0,4.33,4.5,1,4,2,2,20,18-24,International Business and Management,1,1,1,False,1,False,False,False,0.32414448669201523,0,1
337,68,111,1,1,1,2,0,1,0,1,1,1.54,2.75,2.83,2.67,1.0,3.5,5.0,3.0,2.0,4.67,4.0,1,4,3,1,20,25-34,International Business and Management,1,0,1,False,0,True,False,False,0.17839036755386564,0,1
338,77,111,1,1,1,2,0,0,0,0,0,2.86,3.25,3.17,3.67,2.0,2.75,3.0,3.0,3.0,3.0,3.0,3,3,3,1,7,25-34,Bionics/Biomimetics,0,0,1,False,0,True,False,False,0.0,1,0
339,85,111,1,1,1,2,1,1,0,0,1,2.14,2.5,3.17,3.0,1.5,2.75,3.6,2.5,1.5,4.33,2.5,3,4,3,1,7,25-34,Bionics/Biomimetics,0,0,1,False,0,True,False,False,0.26013941698352344,1,0
340,94,111,1,1,1,1,1,1,0,0,1,1.97,2.5,2.33,2.33,1.0,2.75,4.6,4.5,2.0,4.67,4.0,3,4,3,1,36,25-34,Sustainable Development Management,1,1,1,False,0,True,False,False,0.26013941698352344,0,1
341,111,111,1,1,1,2,1,1,0,1,1,1.8,3.0,3.83,2.33,1.0,4.0,5.0,3.0,2.5,4.67,3.5,1,5,3,1,28,25-34,Mechatronic Systems Engineering,0,0,1,False,0,True,False,False,0.2252851711026616,1,0
342,118,111,1,1,1,1,0,0,0,1,0,2.83,2.75,3.17,2.67,2.5,2.75,3.0,2.0,3.0,2.67,3.5,1,4,2,1,22,18-24,International Relations,0,1,1,False,0,True,False,False,0.12072243346007606,0,1
343,130,111,1,1,1,2,0,1,0,0,1,2.43,2.5,2.67,2.33,1.5,2.75,3.8,3.0,1.5,2.67,3.5,2,3,3,1,16,25-34,Industrial Engineering,0,0,1,False,0,True,False,False,0.20722433460076045,1,0
344,138,111,1,1,1,1,1,1,0,1,0,1.74,2.25,2.33,3.0,1.0,3.0,5.0,4.5,2.0,3.67,3.5,1,4,2,2,32,18-24,Psychologie (Arbeits- und Organisationspsychologie),1,1,1,False,1,False,False,False,0.27027883396704694,0,1
345,158,111,1,1,1,1,1,1,1,1,1,2.03,1.5,2.83,4.33,1.0,4.0,3.2,4.0,1.5,5.0,3.5,1,5,2,1,32,18-24,Psychologie (Arbeits- und Organisationspsychologie),1,1,1,False,0,True,False,False,0.18688212927756656,0,1
346,167,111,1,1,1,2,0,0,0,0,0,2.83,3.5,3.83,4.0,3.5,3.25,3.6,3.5,4.0,4.0,4.5,4,4,2,2,4,18-24,Biological Resources,0,0,1,False,1,False,False,False,0.0,1,0
347,174,111,1,1,1,2,1,0,1,0,0,2.43,2.75,2.5,2.67,2.5,3.25,3.6,2.5,2.0,4.0,4.0,2,4,2,1,19,18-24,International Business Administration,1,0,1,False,0,True,False,False,0.19961977186311786,0,1
348,186,111,1,1,1,2,1,1,1,0,1,1.66,2.75,3.0,3.0,1.5,3.5,5.0,3.0,2.0,4.33,4.5,2,4,2,2,24,18-24,Kindheitspädagogik,1,0,1,False,1,False,False,False,0.20342205323193918,0,1
349,197,111,1,1,1,2,0,0,0,0,0,2.8,2.0,2.67,3.67,3.0,3.5,3.4,2.5,3.0,3.33,4.0,4,3,2,2,32,18-24,Psychologie (Arbeits- und Organisationspsychologie),1,0,1,False,1,False,False,False,0.0,0,1
350,210,111,1,1,1,1,0,0,0,0,0,2.09,1.75,3.0,2.67,1.5,4.0,3.8,4.0,2.0,4.33,3.0,1,4,2,2,32,18-24,Psychologie (Arbeits- und Organisationspsychologie),1,1,1,False,1,False,False,False,0.0,0,1
351,217,111,1,1,1,1,0,1,0,1,0,2.23,2.75,3.67,3.0,1.5,2.75,4.2,3.5,2.0,3.67,3.5,1,3,2,2,22,18-24,International Relations,1,1,1,False,1,False,False,False,0.22243346007604564,0,1
352,226,111,1,1,1,2,0,1,0,0,0,3.14,3.75,3.33,4.0,1.0,3.75,3.8,3.0,3.0,2.0,2.5,3,3,2,1,28,18-24,Mechatronic Systems Engineering,0,0,1,False,0,True,False,False,0.32414448669201523,1,0
353,241,111,1,1,1,2,1,1,0,0,0,2.29,2.75,3.17,3.67,1.5,3.25,4.2,3.0,2.5,3.67,3.0,2,4,2,2,18,18-24,Information Engineering and Computer Science,0,0,1,False,1,False,False,False,0.34505703422053235,1,0
354,249,111,1,1,1,1,0,0,0,0,0,2.03,2.5,2.33,2.0,1.0,3.25,3.6,2.0,1.5,3.67,2.5,1,4,2,2,3,18-24,Bioengineering,1,1,1,False,1,False,False,False,0.0,1,0
355,257,111,1,1,1,1,1,1,0,1,1,2.54,3.0,3.67,3.0,3.5,3.0,4.0,3.0,2.0,2.67,3.0,2,3,3,1,8,25-34,Communication and Information Engineering,0,1,1,False,0,True,False,False,0.2252851711026616,1,0
356,271,111,1,1,1,1,1,1,0,1,0,2.26,2.25,2.83,3.33,1.5,2.75,4.6,4.0,2.5,3.33,3.0,4,5,2,1,27,18-24,Mechanical Engineering M. Sc.,0,1,1,False,0,True,False,False,0.27027883396704694,1,0
357,288,111,1,1,1,1,1,0,0,0,0,2.2,2.5,2.67,3.0,1.5,2.75,4.2,3.0,2.5,3.33,2.5,2,3,3,2,4,25-34,Biological Resources,0,1,1,False,1,False,False,False,0.3659695817490494,1,0
358,301,111,1,1,1,1,0,0,1,0,0,1.66,2.25,2.0,1.67,1.0,3.0,5.0,2.5,1.5,5.0,2.0,1,3,2,2,24,18-24,Kindheitspädagogik,1,1,1,False,1,False,False,False,0.0332699619771863,0,1
359,304,111,1,1,1,1,1,0,0,0,0,2.2,3.25,3.67,3.67,2.5,2.75,4.8,3.0,3.0,4.0,4.0,3,4,3,1,26,25-34,Mechanical Engineering B. Sc.,0,1,1,False,0,True,False,False,0.3659695817490494,1,0
360,313,111,1,1,1,2,1,0,0,0,0,1.74,2.5,3.17,3.0,1.0,4.0,5.0,2.5,2.0,5.0,4.5,1,4,2,2,22,18-24,International Relations,1,0,1,False,1,False,False,False,0.3659695817490494,0,1
361,318,111,1,1,1,1,1,0,0,1,1,2.49,2.25,3.33,4.0,1.5,3.75,3.6,3.0,2.0,2.67,4.0,2,4,3,1,30,25-34,Mobility and Logistics,0,1,1,False,0,True,False,False,0.1923320659062104,1,0
362,326,111,1,1,1,2,1,0,1,0,1,3.0,3.5,3.33,3.0,4.5,3.25,3.8,3.5,2.5,2.67,4.0,2,3,1,1,1,Under 18,Agribusiness,1,0,1,False,0,True,False,False,0.16318124207858045,1,0
363,346,111,1,1,1,1,1,0,1,1,0,1.83,1.75,2.5,2.33,2.0,2.0,4.6,2.5,1.0,4.33,4.5,2,5,4,1,40,35-44,Don't want to answer the question.,1,1,1,False,0,True,False,False,0.17332065906210392,0,1
364,358,111,1,1,1,1,0,0,0,0,0,2.83,2.75,3.33,3.67,3.0,2.5,3.4,3.5,3.0,2.67,3.0,2,3,2,1,11,18-24,Electrical and Electronics Engineering,0,1,1,False,0,True,False,False,0.0,1,0
365,362,111,1,1,1,2,0,1,0,0,0,2.37,3.0,3.33,3.67,1.5,3.0,4.6,4.0,2.0,3.0,3.5,3,5,2,2,13,18-24,Environment and Energy,0,0,1,False,1,False,False,False,0.32414448669201523,1,0
366,374,111,1,1,1,1,1,1,1,0,1,1.89,2.25,2.83,2.67,2.5,1.75,4.0,3.0,1.0,2.67,2.0,1,3,2,1,23,18-24,International Taxation and Law,0,1,1,False,0,True,False,False,0.20342205323193918,0,1
367,380,111,1,1,1,2,0,0,1,0,0,2.03,2.5,3.17,3.33,1.0,3.25,4.4,3.0,1.5,4.33,3.5,2,2,2,1,26,18-24,Mechanical Engineering B. Sc.,1,0,1,False,0,True,False,False,0.0332699619771863,1,0
368,384,111,1,1,1,1,0,0,0,0,0,2.4,2.5,2.67,3.67,2.5,3.5,3.4,3.5,1.5,3.0,3.0,3,3,3,2,19,25-34,International Business Administration,0,1,1,False,1,False,False,False,0.0,0,1
369,389,111,1,1,1,1,0,1,0,0,0,2.17,2.5,2.0,3.33,1.5,3.0,4.0,2.5,1.5,4.0,4.0,2,3,2,2,29,18-24,Medieninformatik,1,1,1,False,1,False,False,False,0.32414448669201523,1,0
370,399,111,1,1,1,1,0,0,1,1,0,1.83,2.5,2.83,3.0,1.0,4.0,4.4,4.0,1.5,4.0,4.0,1,4,3,2,9,25-34,Digital Media,1,1,1,False,1,False,False,False,0.07699619771863118,1,0
371,455,111,1,1,1,1,0,0,0,1,0,2.26,1.5,2.83,3.33,1.5,3.25,2.4,3.5,2.5,3.0,4.0,4,5,3,1,30,25-34,Mobility and Logistics,0,1,1,False,0,True,False,False,0.12072243346007606,1,0
372,463,111,1,1,1,1,1,0,0,0,0,2.49,2.75,3.17,3.67,2.5,3.25,3.8,3.5,2.0,3.67,3.0,4,3,2,1,17,18-24,Information and Communication Design,0,1,1,False,0,True,False,False,0.3659695817490494,0,1
373,480,111,1,1,1,1,0,0,0,0,0,1.63,2.75,2.17,4.0,1.0,2.0,5.0,3.0,2.0,4.33,2.5,3,3,3,1,26,25-34,Mechanical Engineering B. Sc.,0,1,1,False,0,True,False,False,0.0,1,0
374,488,111,1,1,1,1,1,1,0,1,0,1.91,1.75,2.17,3.33,1.0,2.75,4.6,2.5,1.5,4.0,3.5,2,4,2,1,13,18-24,Environment and Energy,0,1,1,False,0,True,False,False,0.27027883396704694,1,0
375,492,111,1,1,1,1,1,0,0,1,0,2.63,3.25,2.5,2.33,3.5,3.75,4.4,3.0,2.5,3.0,3.5,2,4,2,2,3,18-24,Bioengineering,0,1,1,False,1,False,False,False,0.24334600760456274,1,0
376,502,111,1,1,1,1,0,0,0,0,1,2.31,2.75,2.83,3.0,1.5,3.0,4.0,3.0,2.0,3.33,3.5,3,3,2,1,31,18-24,Nachhaltiger Tourismus,1,1,1,False,0,True,False,False,0.09030418250950568,0,1
377,512,111,1,1,1,2,1,1,1,0,0,2.0,2.75,3.83,2.0,1.0,3.0,4.0,2.5,2.5,4.67,4.0,1,5,2,1,19,18-24,International Business Administration,1,0,1,False,0,True,False,False,0.241128010139417,0,1
378,520,111,1,1,1,1,1,0,0,1,0,2.26,2.5,4.0,3.33,2.5,2.75,3.6,3.0,2.0,4.0,2.5,4,4,4,2,35,35-44,Sustainable Agriculture,0,1,1,False,1,False,False,False,0.24334600760456274,1,0
379,529,111,1,1,1,2,0,1,0,0,0,2.6,3.0,2.83,4.67,2.0,4.25,4.8,4.5,4.0,2.33,4.0,2,5,3,2,20,25-34,International Business and Management,1,0,1,False,1,False,False,False,0.32414448669201523,0,1
380,534,111,1,1,1,1,1,0,0,0,0,2.71,3.75,3.33,3.67,4.0,3.25,3.4,3.5,2.5,3.0,3.0,4,4,2,2,8,18-24,Communication and Information Engineering,0,1,1,False,1,False,False,False,0.3659695817490494,1,0
381,553,111,1,1,1,1,0,0,1,1,0,2.11,3.0,3.0,2.33,3.0,3.0,4.2,2.5,2.0,4.33,3.5,3,4,3,1,16,25-34,Industrial Engineering,0,1,1,False,0,True,False,False,0.07699619771863118,1,0
382,574,111,1,1,1,1,1,0,1,0,0,2.03,2.5,2.67,3.67,1.5,3.25,4.8,4.5,2.0,3.67,4.0,2,4,3,2,7,25-34,Bionics/Biomimetics,0,1,1,False,1,False,False,False,0.19961977186311786,1,0
383,588,111,1,1,1,1,0,0,0,0,0,1.97,2.5,3.5,4.0,1.5,2.5,4.8,3.0,1.5,4.33,3.5,2,4,3,2,28,25-34,Mechatronic Systems Engineering,0,1,1,False,1,False,False,False,0.0,1,0
384,592,111,1,1,1,1,0,1,1,0,0,2.0,2.25,2.5,2.33,2.0,3.75,4.0,3.0,2.0,3.33,4.0,1,5,3,1,22,25-34,International Relations,1,1,1,False,0,True,False,False,0.17870722433460076,0,1
385,630,111,1,1,1,2,0,0,0,0,0,2.03,2.25,2.33,3.33,1.0,2.75,4.6,3.0,2.0,3.0,2.5,1,3,3,1,7,25-34,Bionics/Biomimetics,0,0,1,False,0,True,False,False,0.0,1,0
386,634,111,1,1,1,1,1,1,0,0,0,2.8,2.5,2.83,3.0,3.0,3.75,3.6,3.5,3.0,3.67,2.5,4,4,2,4,20,18-24,International Business and Management,0,1,1,False,0,False,True,False,0.34505703422053235,0,1
387,652,111,1,1,1,1,1,1,1,0,0,1.6,2.5,2.17,3.33,1.0,2.75,5.0,3.0,1.5,4.33,3.5,2,4,2,2,22,18-24,International Relations,1,1,1,False,1,False,False,False,0.241128010139417,0,1
388,657,111,1,1,1,1,1,1,0,0,0,1.63,2.5,2.5,3.0,1.5,3.0,5.0,3.5,1.0,3.67,3.0,3,4,3,2,14,25-34,Gender and Diversity,0,1,1,False,1,False,False,False,0.34505703422053235,0,1
389,669,111,1,1,1,1,0,1,0,0,0,1.97,2.5,2.5,4.0,1.0,2.5,4.8,2.5,1.5,4.33,2.5,3,3,3,2,36,25-34,Sustainable Development Management,1,1,1,False,1,False,False,False,0.32414448669201523,0,1
390,684,111,1,1,1,2,0,0,0,0,0,2.26,2.75,3.0,3.33,3.0,3.25,4.6,3.5,2.5,4.33,4.0,2,3,2,2,31,18-24,Nachhaltiger Tourismus,1,0,1,False,1,False,False,False,0.0,0,1
391,697,111,1,1,1,1,0,0,0,0,0,2.57,2.75,2.83,2.67,2.5,4.0,3.6,2.5,3.5,3.67,4.5,1,4,2,1,22,18-24,International Relations,0,1,1,False,0,True,False,False,0.0,0,1
392,703,111,1,1,1,1,1,1,1,1,1,2.71,3.25,3.5,2.67,3.0,3.25,3.2,2.5,3.0,3.67,3.0,2,4,2,2,33,18-24,"Qualität, Umwelt, Sicherheit und Hygiene",1,1,1,False,1,False,False,False,0.18688212927756656,0,1
393,718,111,1,1,1,1,1,0,0,0,0,1.91,2.75,2.83,3.0,1.0,3.25,4.8,3.0,1.5,4.0,4.0,1,3,2,2,31,18-24,Nachhaltiger Tourismus,1,1,1,False,1,False,False,False,0.3659695817490494,0,1
394,757,111,1,1,1,1,0,1,0,0,0,1.97,2.5,2.83,2.67,1.5,3.75,4.4,3.0,1.5,4.0,4.0,1,4,2,2,31,18-24,Nachhaltiger Tourismus,1,1,1,False,1,False,False,False,0.32414448669201523,0,1
395,775,111,1,1,1,1,1,0,1,1,0,2.71,3.5,3.0,2.33,4.0,3.75,3.8,4.5,2.5,2.67,4.5,2,5,2,1,32,18-24,Psychologie (Arbeits- und Organisationspsychologie),1,1,1,False,0,True,False,False,0.17332065906210392,0,1
396,785,111,1,1,1,1,0,0,0,0,0,2.71,2.75,3.0,3.33,1.5,3.25,1.8,2.5,2.5,3.33,2.0,2,3,2,1,28,18-24,Mechatronic Systems Engineering,0,1,1,False,0,True,False,False,0.0,1,0
397,21,101,1,0,1,1,1,1,0,0,0,2.14,2.5,2.67,3.67,2.0,2.75,4.6,3.5,1.5,4.0,3.0,4,4,2,2,8,18-24,Communication and Information Engineering,0,1,0,True,1,False,False,False,0.34505703422053235,1,0
398,52,101,1,0,1,2,1,0,0,0,1,1.2,2.25,2.17,1.67,1.0,2.75,5.0,3.0,1.0,5.0,3.5,2,5,2,4,14,I prefer not to say.,Gender and Diversity,1,0,0,True,0,False,True,False,0.22813688212927755,0,1
399,67,101,1,0,1,1,1,1,1,0,1,2.57,2.5,2.83,2.33,2.5,3.5,4.2,4.5,3.0,3.67,2.0,2,4,2,1,22,18-24,International Relations,0,1,0,True,0,True,False,False,0.20342205323193918,0,1
400,75,101,1,0,1,1,0,0,0,0,1,1.57,2.25,2.33,3.0,1.0,2.0,5.0,4.0,1.0,4.67,3.5,2,5,2,2,24,18-24,Kindheitspädagogik,1,1,0,True,1,False,False,False,0.09030418250950568,0,1
401,93,101,1,0,1,2,1,0,0,0,0,1.71,2.75,2.83,3.0,1.0,3.75,4.8,3.0,3.0,4.33,3.5,3,5,3,1,27,25-34,Mechanical Engineering M. Sc.,0,0,0,True,0,True,False,False,0.3659695817490494,1,0
402,102,101,1,0,1,2,0,0,0,1,0,1.66,2.25,2.5,3.33,1.0,2.75,5.0,2.5,1.5,4.0,3.0,1,3,3,2,4,25-34,Biological Resources,1,0,0,True,1,False,False,False,0.12072243346007606,1,0
403,105,101,1,0,1,1,0,0,0,0,0,2.06,3.0,2.5,3.67,1.0,2.75,4.8,2.5,1.0,4.33,4.0,3,4,2,1,38,18-24,Verwaltungsinformatik - E-Government,1,1,0,True,0,True,False,False,0.0,1,0
404,109,101,1,0,1,1,0,0,1,0,0,2.2,2.75,3.33,3.0,2.0,3.25,4.0,2.5,3.0,4.33,4.0,2,4,3,1,21,25-34,International Management and Psychology,1,1,0,True,0,True,False,False,0.0332699619771863,0,1
405,112,101,1,0,1,2,1,0,0,0,1,2.29,2.75,3.5,3.67,1.5,3.25,4.0,3.0,2.0,4.0,4.0,3,4,3,1,27,25-34,Mechanical Engineering M. Sc.,0,0,0,True,0,True,False,False,0.22813688212927755,1,0
406,124,101,1,0,1,1,1,0,0,0,0,1.83,2.25,2.5,2.33,1.0,3.25,4.0,3.0,1.5,4.33,4.0,1,5,2,2,22,18-24,International Relations,1,1,0,True,1,False,False,False,0.3659695817490494,0,1
407,139,101,1,0,1,2,1,0,0,0,1,1.83,3.0,2.5,3.0,1.0,3.5,4.8,3.0,1.5,3.67,4.5,3,4,2,2,31,18-24,Nachhaltiger Tourismus,1,0,0,True,1,False,False,False,0.22813688212927755,0,1
408,149,101,1,0,1,1,1,1,0,1,0,2.14,2.75,2.83,3.33,1.5,3.75,4.6,3.0,3.5,3.67,4.0,1,3,3,2,3,25-34,Bioengineering,0,1,0,True,1,False,False,False,0.27027883396704694,1,0
409,157,101,1,0,1,2,0,1,0,0,1,2.83,3.25,3.67,3.67,3.5,2.5,4.2,3.5,3.5,3.33,3.5,4,4,3,2,14,25-34,Gender and Diversity,0,0,0,True,1,False,False,False,0.20722433460076045,0,1
410,162,101,1,0,1,1,0,1,0,0,0,2.06,3.0,3.0,3.0,2.0,3.25,4.0,3.0,2.0,4.0,4.5,2,5,2,2,22,18-24,International Relations,1,1,0,True,1,False,False,False,0.32414448669201523,0,1
411,191,101,1,0,1,2,0,1,0,1,1,3.23,2.75,2.67,3.0,3.5,3.5,3.0,4.0,3.5,3.0,3.5,4,4,2,1,28,18-24,Mechatronic Systems Engineering,0,0,0,True,0,True,False,False,0.17839036755386564,1,0
412,239,101,1,0,1,1,1,0,0,1,0,2.46,3.0,3.17,3.67,3.0,3.75,4.2,3.0,2.0,4.33,3.5,4,4,3,1,18,25-34,Information Engineering and Computer Science,0,1,0,True,0,True,False,False,0.24334600760456274,1,0
413,252,101,1,0,1,2,1,1,0,0,0,2.91,3.25,3.5,2.67,2.5,3.25,4.0,3.5,3.5,2.67,3.5,3,4,2,4,3,18-24,Bioengineering,0,0,0,True,0,False,True,False,0.34505703422053235,1,0
414,269,101,1,0,1,2,0,0,0,1,1,1.91,2.75,2.67,3.67,1.0,3.5,5.0,4.0,2.0,4.33,3.5,1,5,2,2,31,18-24,Nachhaltiger Tourismus,1,0,0,True,1,False,False,False,0.10551330798479087,0,1
415,283,101,1,0,1,2,1,1,1,1,1,2.11,2.75,2.5,2.67,2.0,3.25,4.2,3.0,2.5,4.67,2.5,2,4,2,2,22,18-24,International Relations,1,0,0,True,1,False,False,False,0.18688212927756656,0,1
416,289,101,1,0,1,1,1,1,1,1,1,1.86,2.5,2.33,2.33,1.0,3.5,4.6,3.0,1.5,4.67,3.5,2,3,2,2,31,18-24,Nachhaltiger Tourismus,1,1,0,True,1,False,False,False,0.18688212927756656,0,1
417,310,101,1,0,1,1,1,0,0,0,0,2.29,2.5,3.0,4.0,2.5,3.5,4.2,3.5,2.5,3.67,2.5,3,3,2,4,4,18-24,Biological Resources,0,1,0,True,0,False,True,False,0.3659695817490494,1,0
418,317,101,1,0,1,1,1,0,0,1,1,2.26,2.25,3.17,2.67,4.5,4.25,4.2,2.5,2.0,3.33,3.5,1,3,2,2,29,18-24,Medieninformatik,1,1,0,True,1,False,False,False,0.1923320659062104,1,0
419,335,101,1,0,1,2,1,0,1,0,0,1.29,2.0,2.67,2.67,1.0,3.0,5.0,3.0,1.0,4.67,3.5,1,4,3,2,39,25-34,None of that,1,0,0,True,1,False,False,False,0.19961977186311786,0,1
420,341,101,1,0,1,1,0,0,0,0,0,2.0,2.25,2.83,3.33,2.0,3.75,4.4,3.5,3.5,4.0,3.0,1,4,2,4,10,18-24,Economics and Finance,0,1,0,True,0,False,True,False,0.0,0,1
421,348,101,1,0,1,1,1,0,0,0,0,2.23,3.0,3.33,4.0,2.5,3.0,4.4,2.0,2.0,4.0,3.0,2,3,2,2,35,18-24,Sustainable Agriculture,1,1,0,True,1,False,False,False,0.3659695817490494,1,0
422,353,101,1,0,1,2,0,0,0,0,0,2.71,3.0,3.33,4.0,2.5,3.75,3.6,3.5,3.0,4.0,3.0,2,4,2,1,26,18-24,Mechanical Engineering B. Sc.,0,0,0,True,0,True,False,False,0.0,1,0
423,360,101,1,0,1,2,0,1,1,1,1,1.8,2.75,2.83,2.33,2.5,3.75,4.6,3.5,1.0,4.33,3.5,2,4,2,2,3,18-24,Bioengineering,1,0,0,True,1,False,False,False,0.14211026615969582,1,0
424,370,101,1,0,1,2,1,1,1,0,0,1.91,2.5,2.33,2.67,1.0,3.25,4.2,2.5,1.5,4.33,2.5,2,3,2,2,26,18-24,Mechanical Engineering B. Sc.,0,0,0,True,1,False,False,False,0.241128010139417,1,0
425,371,101,1,0,1,2,1,1,0,1,0,2.17,2.5,2.67,2.67,1.5,2.5,3.8,2.5,1.5,3.0,3.0,1,4,2,2,22,18-24,International Relations,0,0,0,True,1,False,False,False,0.27027883396704694,0,1
426,388,101,1,0,1,2,0,0,0,0,0,2.69,3.0,2.67,4.67,2.0,2.25,3.8,3.0,2.0,4.0,3.5,3,4,3,1,8,25-34,Communication and Information Engineering,1,0,0,True,0,True,False,False,0.0,1,0
427,396,101,1,0,1,1,1,1,0,1,1,2.57,2.5,3.33,3.0,4.5,2.75,4.2,2.5,2.5,3.67,1.5,4,4,2,2,3,18-24,Bioengineering,0,1,0,True,1,False,False,False,0.2252851711026616,1,0
428,400,101,1,0,1,2,1,0,0,1,1,2.49,2.75,3.17,3.67,3.5,4.0,3.6,3.0,3.0,4.0,2.5,4,4,2,1,26,18-24,Mechanical Engineering B. Sc.,0,0,0,True,0,True,False,False,0.1923320659062104,1,0
429,412,101,1,0,1,1,0,1,0,1,0,2.11,2.5,2.67,3.0,1.5,3.0,4.2,2.5,2.0,3.67,3.5,3,5,3,2,9,25-34,Digital Media,0,1,0,True,1,False,False,False,0.22243346007604564,1,0
430,418,101,1,0,1,1,1,1,0,0,0,2.09,2.75,2.67,2.67,1.0,3.75,4.0,3.5,2.5,4.0,3.5,1,5,2,2,31,18-24,Nachhaltiger Tourismus,1,1,0,True,1,False,False,False,0.34505703422053235,0,1
431,426,101,1,0,1,2,0,0,0,0,1,2.63,2.5,2.5,3.33,2.0,3.75,3.8,2.5,2.0,3.33,3.5,3,2,3,1,5,25-34,Biomaterials Science,0,0,0,True,0,True,False,False,0.09030418250950568,1,0
432,430,101,1,0,1,1,0,1,0,1,1,2.49,2.25,2.67,3.33,2.5,3.0,3.8,3.0,2.5,2.67,2.5,3,3,4,1,10,35-44,Economics and Finance,0,1,0,True,0,True,False,False,0.17839036755386564,0,1
433,434,101,1,0,1,2,0,0,0,0,0,1.74,2.75,2.0,3.33,2.0,3.0,5.0,2.0,1.5,3.67,5.0,1,4,4,2,31,35-44,Nachhaltiger Tourismus,1,0,0,True,1,False,False,False,0.0,0,1
434,435,101,1,0,1,1,1,1,1,1,1,2.17,2.75,2.83,2.33,1.0,2.5,4.0,3.5,2.5,4.67,3.0,4,1,2,1,32,18-24,Psychologie (Arbeits- und Organisationspsychologie),1,1,0,True,0,True,False,False,0.18688212927756656,0,1
435,447,101,1,0,1,2,0,0,1,0,1,2.49,2.25,3.0,3.33,1.5,3.0,3.8,4.5,2.0,3.67,4.5,2,5,2,1,11,18-24,Electrical and Electronics Engineering,1,0,0,True,0,True,False,False,0.061787072243345995,1,0
436,453,101,1,0,1,2,0,1,0,0,0,1.77,3.25,2.33,3.67,1.0,3.25,4.8,2.0,2.0,4.67,3.5,1,5,2,1,28,18-24,Mechatronic Systems Engineering,0,0,0,True,0,True,False,False,0.32414448669201523,1,0
437,459,101,1,0,1,2,1,1,0,1,0,2.09,2.25,2.5,2.67,3.0,3.5,4.0,3.0,1.0,4.0,3.5,2,4,2,1,22,18-24,International Relations,0,0,0,True,0,True,False,False,0.27027883396704694,0,1
438,472,101,1,0,1,2,0,0,1,0,0,2.0,3.0,2.67,3.0,1.5,3.25,5.0,3.5,2.5,3.33,4.5,2,5,3,1,38,25-34,Verwaltungsinformatik - E-Government,1,0,0,True,0,True,False,False,0.0332699619771863,1,0
439,485,101,1,0,1,1,1,1,0,0,0,2.26,2.25,3.5,3.0,3.0,4.0,5.0,3.0,4.0,3.33,4.5,1,5,2,2,23,18-24,International Taxation and Law,1,1,0,True,1,False,False,False,0.34505703422053235,0,1
440,493,101,1,0,1,1,1,1,0,0,1,2.0,2.5,2.5,3.0,1.0,3.5,3.8,3.0,2.5,3.67,2.5,2,4,2,1,31,18-24,Nachhaltiger Tourismus,1,1,0,True,0,True,False,False,0.26013941698352344,0,1
441,501,101,1,0,1,2,0,0,0,1,1,1.57,2.5,2.17,2.67,1.0,3.25,5.0,2.5,1.5,4.67,3.5,1,4,2,2,31,18-24,Nachhaltiger Tourismus,1,0,0,True,1,False,False,False,0.10551330798479087,0,1
442,518,101,1,0,1,1,1,0,1,0,1,2.26,2.75,2.83,2.33,2.5,2.5,4.0,3.0,2.0,3.33,3.5,4,4,3,1,20,25-34,International Business and Management,0,1,0,True,0,True,False,False,0.16318124207858045,0,1
443,527,101,1,0,1,1,1,1,0,0,1,2.26,2.75,3.33,3.0,1.5,3.5,3.8,3.5,2.0,3.67,3.5,1,5,2,2,3,18-24,Bioengineering,0,1,0,True,1,False,False,False,0.26013941698352344,1,0
444,547,101,1,0,1,2,0,0,0,1,0,2.0,2.5,2.5,3.67,1.5,2.75,4.0,3.0,1.5,4.0,3.0,3,2,2,1,26,18-24,Mechanical Engineering B. Sc.,0,0,0,True,0,True,False,False,0.12072243346007606,1,0
445,554,101,1,0,1,1,0,1,0,0,0,2.63,3.0,3.33,3.67,2.0,3.5,3.4,2.5,2.0,4.0,3.0,3,4,2,2,2,18-24,Bio Science and Health,1,1,0,True,1,False,False,False,0.32414448669201523,1,0
446,557,101,1,0,1,2,1,0,0,0,1,1.8,2.5,3.0,2.67,1.5,3.25,4.4,2.5,1.5,4.33,3.5,2,3,3,2,32,25-34,Psychologie (Arbeits- und Organisationspsychologie),1,0,0,True,1,False,False,False,0.22813688212927755,0,1
447,563,101,1,0,1,1,1,0,1,1,0,2.0,2.25,2.5,3.0,1.5,2.0,4.4,3.0,1.5,4.0,3.5,2,4,2,2,19,18-24,International Business Administration,0,1,0,True,1,False,False,False,0.17332065906210392,0,1
448,583,101,1,0,1,2,0,1,1,0,0,2.11,1.5,2.5,2.33,1.0,3.0,3.4,2.0,1.0,4.0,2.5,4,4,2,1,3,18-24,Bioengineering,0,0,0,True,0,True,False,False,0.17870722433460076,1,0
449,602,101,1,0,1,1,1,1,1,0,1,2.17,2.75,2.67,4.0,1.0,3.5,3.8,3.0,1.5,4.0,4.0,2,5,2,2,8,18-24,Communication and Information Engineering,0,1,0,True,1,False,False,False,0.20342205323193918,1,0
450,619,101,1,0,1,2,0,1,1,1,1,1.49,2.0,2.0,2.67,1.0,3.25,4.8,2.0,2.0,5.0,1.5,1,4,3,2,14,25-34,Gender and Diversity,1,0,0,True,1,False,False,False,0.14211026615969582,0,1
451,636,101,1,0,1,1,0,0,0,1,0,2.51,2.5,3.83,4.0,1.0,2.25,4.6,3.0,3.0,3.0,2.0,2,4,2,1,8,18-24,Communication and Information Engineering,0,1,0,True,0,True,False,False,0.12072243346007606,1,0
452,643,101,1,0,1,2,0,0,0,0,0,2.57,3.5,2.83,3.0,2.0,3.5,3.8,3.0,3.0,3.67,3.0,3,3,3,1,26,25-34,Mechanical Engineering B. Sc.,0,0,0,True,0,True,False,False,0.0,1,0
453,665,101,1,0,1,1,0,0,0,0,0,2.2,2.25,2.83,2.67,4.0,3.5,3.8,2.5,3.0,4.67,4.5,2,4,2,2,35,18-24,Sustainable Agriculture,1,1,0,True,1,False,False,False,0.0,1,0
454,672,101,1,0,1,2,0,0,0,0,0,2.37,2.75,2.5,3.0,1.0,2.5,3.6,3.0,1.0,3.33,3.0,3,3,2,2,19,18-24,International Business Administration,0,0,0,True,1,False,False,False,0.0,0,1
455,677,101,1,0,1,2,1,0,1,0,0,1.8,2.5,2.5,2.67,1.5,3.25,4.6,2.5,1.5,3.67,4.0,2,4,3,2,36,25-34,Sustainable Development Management,1,0,0,True,1,False,False,False,0.19961977186311786,0,1
456,706,101,1,0,1,1,1,1,0,0,0,1.8,2.5,2.17,2.67,1.5,3.0,4.6,5.0,1.5,4.33,3.0,2,4,2,2,25,18-24,Lebensmittelwissenschaften,1,1,0,True,1,False,False,False,0.34505703422053235,0,1
457,710,101,1,0,1,1,0,1,1,1,1,1.71,2.75,2.83,2.67,1.0,3.5,5.0,2.5,3.0,4.67,4.0,2,4,2,2,34,18-24,Science Communication and Bionics,1,1,0,True,1,False,False,False,0.14211026615969582,1,0
458,723,101,1,0,1,2,0,1,0,0,0,2.91,2.75,2.83,3.0,2.5,3.0,2.8,3.0,3.0,3.67,3.5,2,2,3,1,40,25-34,Don't want to answer the question.,1,0,0,True,0,True,False,False,0.32414448669201523,0,1
459,745,101,1,0,1,2,1,0,0,0,0,1.86,2.75,2.67,2.67,1.5,2.75,4.6,2.5,2.0,4.0,2.5,2,5,2,1,19,18-24,International Business Administration,1,0,0,True,0,True,False,False,0.3659695817490494,0,1
460,760,101,1,0,1,1,0,1,0,0,0,1.66,2.5,2.83,2.33,1.5,3.0,4.6,2.5,2.0,4.33,4.0,1,5,2,3,14,18-24,Gender and Diversity,1,1,0,True,0,False,False,True,0.32414448669201523,0,1
461,768,101,1,0,1,1,1,1,1,1,1,2.34,2.25,2.67,2.67,1.5,3.25,4.0,2.5,1.5,3.33,4.0,2,3,3,2,31,25-34,Nachhaltiger Tourismus,1,1,0,True,1,False,False,False,0.18688212927756656,0,1
462,778,101,1,0,1,2,1,1,1,1,0,1.83,2.75,3.5,3.0,1.0,3.0,5.0,3.0,3.0,4.33,2.0,2,3,2,1,28,18-24,Mechatronic Systems Engineering,0,0,0,True,0,True,False,False,0.21102661596958178,1,0
463,788,101,1,0,1,2,0,0,1,0,1,1.89,2.75,3.33,3.33,1.5,3.25,5.0,3.0,2.0,4.33,3.0,2,5,3,2,4,25-34,Biological Resources,1,0,0,True,1,False,False,False,0.061787072243345995,1,0
464,18,201,2,0,1,1,0,0,0,0,0,2.89,3.0,3.33,3.67,2.0,3.5,3.4,3.5,2.5,2.67,3.5,4,2,2,1,26,18-24,Mechanical Engineering B. Sc.,0,1,0,True,0,True,False,False,0.0,1,0
465,23,201,2,0,1,2,0,0,1,0,0,1.51,2.25,2.67,2.67,1.0,2.5,5.0,2.5,1.5,4.33,3.5,1,2,3,2,27,25-34,Mechanical Engineering M. Sc.,1,0,0,True,1,False,False,False,0.0332699619771863,1,0
466,29,201,2,0,1,1,1,1,1,1,0,3.97,3.5,3.33,3.33,4.5,3.0,2.2,3.0,4.0,2.0,3.5,4,2,2,1,23,18-24,International Taxation and Law,0,1,0,True,0,True,False,False,0.21102661596958178,0,1
467,38,201,2,0,1,2,1,1,1,0,1,2.23,2.0,2.5,3.33,2.0,3.0,4.2,4.0,2.5,3.33,3.0,3,4,3,1,28,25-34,Mechatronic Systems Engineering,0,0,0,True,0,True,False,False,0.20342205323193918,1,0
468,54,201,2,0,1,2,1,0,0,1,1,2.2,2.5,2.67,2.67,1.5,3.25,4.2,2.5,2.5,4.33,3.5,2,2,2,2,21,18-24,International Management and Psychology,1,0,0,True,1,False,False,False,0.1923320659062104,0,1
469,87,201,2,0,1,1,0,0,0,0,0,1.83,2.25,2.83,3.33,2.0,3.0,4.6,2.0,1.5,4.33,3.5,1,5,2,2,14,18-24,Gender and Diversity,0,1,0,True,1,False,False,False,0.0,0,1
470,98,201,2,0,1,2,1,0,0,0,0,2.2,3.0,3.17,3.33,1.0,1.5,4.6,3.5,2.5,3.33,3.0,2,5,3,1,26,25-34,Mechanical Engineering B. Sc.,0,0,0,True,0,True,False,False,0.3659695817490494,1,0
471,115,201,2,0,1,1,1,0,0,0,0,2.17,1.75,3.33,4.0,1.5,2.75,4.0,3.0,1.5,4.0,2.0,3,3,3,1,10,25-34,Economics and Finance,0,1,0,True,0,True,False,False,0.3659695817490494,0,1
472,127,201,2,0,1,2,0,0,0,0,1,2.6,3.0,3.5,4.0,3.5,2.75,3.8,3.0,2.0,3.67,3.0,3,3,2,1,10,18-24,Economics and Finance,0,0,0,True,0,True,False,False,0.09030418250950568,0,1
473,142,201,2,0,1,2,0,0,0,0,0,2.54,2.75,2.83,3.67,2.0,3.25,3.8,2.5,2.0,4.0,4.0,3,4,2,4,16,18-24,Industrial Engineering,0,0,0,True,0,False,True,False,0.0,1,0
474,148,201,2,0,1,1,1,1,0,0,1,2.89,3.25,3.17,3.67,3.0,4.0,3.6,3.0,2.5,3.67,4.0,4,4,2,1,16,18-24,Industrial Engineering,0,1,0,True,0,True,False,False,0.26013941698352344,1,0
475,155,201,2,0,1,2,0,0,0,0,0,2.86,3.5,4.5,4.67,4.5,4.0,4.8,4.0,3.0,4.33,3.5,4,4,2,2,13,18-24,Environment and Energy,0,0,0,True,1,False,False,False,0.0,1,0
476,159,201,2,0,1,2,1,1,0,0,1,2.03,2.75,2.83,3.0,2.0,3.75,4.4,3.0,2.0,4.33,4.0,2,4,2,2,1,18-24,Agribusiness,1,0,0,True,1,False,False,False,0.26013941698352344,1,0
477,171,201,2,0,1,1,1,0,1,0,1,2.11,2.25,2.0,2.0,1.0,1.5,4.4,2.5,2.5,2.0,4.0,1,4,2,1,40,I prefer not to say.,Don't want to answer the question.,1,1,0,True,0,True,False,False,0.16318124207858045,0,1
478,204,201,2,0,1,2,1,1,0,1,0,2.6,2.75,2.67,3.67,2.0,3.25,3.2,2.5,4.0,3.0,3.0,1,5,2,1,26,18-24,Mechanical Engineering B. Sc.,1,0,0,True,0,True,False,False,0.27027883396704694,1,0
479,220,201,2,0,1,2,0,0,0,0,0,2.71,1.75,3.5,2.67,3.5,3.75,3.2,2.5,3.5,2.33,4.0,4,4,3,1,40,25-34,Don't want to answer the question.,0,0,0,True,0,True,False,False,0.0,0,1
480,227,201,2,0,1,2,1,1,0,0,0,2.6,3.0,3.17,3.67,1.5,4.0,4.0,2.5,1.5,2.67,2.5,3,4,3,1,36,25-34,Sustainable Development Management,0,0,0,True,0,True,False,False,0.34505703422053235,0,1
481,232,201,2,0,1,2,1,1,1,1,1,1.51,2.5,3.17,2.33,1.0,3.0,5.0,2.5,1.5,4.33,4.5,1,5,4,4,39,35-44,None of that,1,0,0,True,0,False,True,False,0.18688212927756656,0,1
482,236,201,2,0,1,2,0,0,0,1,1,2.11,2.5,3.17,3.0,2.0,3.5,4.6,2.5,2.0,4.0,4.0,2,4,4,1,38,35-44,Verwaltungsinformatik - E-Government,1,0,0,True,0,True,False,False,0.10551330798479087,1,0
483,245,201,2,0,1,2,0,1,0,0,0,2.06,2.75,3.0,2.67,1.5,3.25,4.0,4.0,1.5,4.0,4.0,1,5,2,1,2,18-24,Bio Science and Health,1,0,0,True,0,True,False,False,0.32414448669201523,1,0
484,247,201,2,0,1,1,1,0,0,1,1,2.86,3.75,3.33,4.0,3.0,3.75,4.0,3.0,4.0,3.33,2.5,2,3,3,1,27,25-34,Mechanical Engineering M. Sc.,0,1,0,True,0,True,False,False,0.1923320659062104,1,0
485,255,201,2,0,1,2,1,1,1,1,0,1.4,2.0,2.67,2.33,1.0,2.5,4.4,3.0,1.0,5.0,4.5,1,5,3,1,29,25-34,Medieninformatik,1,0,0,True,0,True,False,False,0.21102661596958178,1,0
486,275,201,2,0,1,2,1,1,1,0,1,2.14,2.0,2.83,3.0,1.0,3.75,4.6,3.5,1.5,2.33,3.0,2,4,2,1,22,18-24,International Relations,0,0,0,True,0,True,False,False,0.20342205323193918,0,1
487,294,201,2,0,1,2,1,1,0,0,0,1.37,1.75,2.33,3.33,1.0,3.0,5.0,3.0,1.0,4.67,2.0,1,3,3,1,26,25-34,Mechanical Engineering B. Sc.,0,0,0,True,0,True,False,False,0.34505703422053235,1,0
488,328,201,2,0,1,1,0,0,1,0,0,2.51,2.75,2.83,3.33,2.0,2.75,3.8,4.0,2.5,3.0,4.0,2,4,4,1,28,35-44,Mechatronic Systems Engineering,1,1,0,True,0,True,False,False,0.0332699619771863,1,0
489,364,201,2,0,1,2,1,1,1,0,1,1.94,2.5,2.67,2.33,1.0,3.75,4.4,2.5,2.0,4.0,3.0,1,4,2,2,20,18-24,International Business and Management,1,0,0,True,1,False,False,False,0.20342205323193918,0,1
490,375,201,2,0,1,1,1,0,0,0,0,2.46,2.25,3.17,4.0,1.5,2.75,4.0,3.0,2.0,2.67,2.0,3,3,2,1,28,18-24,Mechatronic Systems Engineering,0,1,0,True,0,True,False,False,0.3659695817490494,1,0
491,379,201,2,0,1,2,0,0,0,1,0,2.69,2.25,3.33,3.0,2.5,2.75,2.6,3.5,2.0,3.33,4.0,4,4,2,1,27,18-24,Mechanical Engineering M. Sc.,0,0,0,True,0,True,False,False,0.12072243346007606,1,0
492,392,201,2,0,1,2,1,1,0,1,1,2.0,2.5,3.0,2.33,1.0,2.5,4.4,2.5,1.5,3.33,3.0,1,4,2,2,8,18-24,Communication and Information Engineering,0,0,0,True,1,False,False,False,0.2252851711026616,1,0
493,401,201,2,0,1,2,0,0,0,1,0,1.57,2.5,2.67,2.67,2.0,2.75,4.8,2.5,2.0,4.67,4.5,2,4,3,2,5,25-34,Biomaterials Science,1,0,0,True,1,False,False,False,0.12072243346007606,1,0
494,413,201,2,0,1,2,1,1,1,0,0,1.89,2.5,2.17,3.33,1.5,2.75,3.6,1.5,1.5,4.33,1.5,2,5,2,1,5,18-24,Biomaterials Science,0,0,0,True,0,True,False,False,0.241128010139417,1,0
495,428,201,2,0,1,2,0,0,0,0,0,2.31,3.25,3.0,4.33,2.0,3.75,5.0,3.5,1.5,2.0,3.5,1,5,2,2,3,18-24,Bioengineering,0,0,0,True,1,False,False,False,0.0,1,0
496,457,201,2,0,1,2,0,1,1,1,1,2.11,2.5,3.33,3.0,1.5,3.0,4.0,3.0,2.0,3.67,2.5,2,4,3,1,10,25-34,Economics and Finance,0,0,0,True,0,True,False,False,0.14211026615969582,0,1
497,464,201,2,0,1,2,0,1,0,0,0,2.2,2.75,2.83,2.67,1.5,3.0,4.2,3.0,1.5,3.67,3.0,3,4,2,1,20,18-24,International Business and Management,0,0,0,True,0,True,False,False,0.32414448669201523,0,1
498,467,201,2,0,1,2,0,0,0,1,0,2.37,2.25,3.17,2.0,3.0,3.25,3.2,3.0,2.0,2.67,3.0,4,4,2,2,17,18-24,Information and Communication Design,0,0,0,True,1,False,False,False,0.12072243346007606,0,1
499,483,201,2,0,1,2,0,0,0,0,0,1.57,2.25,2.5,3.0,1.0,3.75,5.0,2.5,2.0,4.67,4.0,2,3,2,2,14,18-24,Gender and Diversity,1,0,0,True,1,False,False,False,0.0,0,1
500,489,201,2,0,1,2,0,0,1,1,1,2.57,3.25,3.17,2.33,4.0,3.0,4.2,3.5,2.0,4.0,4.0,2,5,2,1,20,18-24,International Business and Management,1,0,0,True,0,True,False,False,0.0814321926489227,0,1
501,505,201,2,0,1,2,1,0,0,1,1,2.03,2.0,2.33,3.0,1.0,3.0,4.0,2.5,2.0,3.33,3.0,3,4,2,2,28,18-24,Mechatronic Systems Engineering,0,0,0,True,1,False,False,False,0.1923320659062104,1,0
502,507,201,2,0,1,2,1,1,0,0,0,2.51,4.0,4.17,3.33,3.5,3.5,3.8,2.0,2.5,4.67,3.0,3,5,3,1,1,25-34,Agribusiness,0,0,0,True,0,True,False,False,0.34505703422053235,1,0
503,525,201,2,0,1,2,0,1,0,0,1,1.71,2.5,2.67,3.0,1.0,3.5,5.0,3.0,2.0,4.67,2.5,1,4,3,2,20,25-34,International Business and Management,0,0,0,True,1,False,False,False,0.20722433460076045,0,1
504,544,201,2,0,1,2,0,0,0,1,0,2.14,3.0,3.17,3.0,1.5,3.25,4.8,3.5,1.5,3.0,3.0,3,5,2,2,22,18-24,International Relations,0,0,0,True,1,False,False,False,0.12072243346007606,0,1
505,551,201,2,0,1,1,0,1,1,0,0,2.94,2.5,3.17,3.0,4.0,3.5,3.2,2.0,3.5,3.67,3.5,2,4,2,2,19,18-24,International Business Administration,1,1,0,True,1,False,False,False,0.17870722433460076,0,1
506,573,201,2,0,1,2,0,0,0,0,0,2.43,2.75,3.5,3.33,2.0,3.75,4.0,2.5,2.0,3.33,2.0,3,4,2,1,28,18-24,Mechatronic Systems Engineering,0,0,0,True,0,True,False,False,0.0,1,0
507,578,201,2,0,1,2,1,0,0,1,0,1.94,2.25,2.5,3.0,1.5,3.75,4.4,5.0,1.5,4.0,3.5,2,5,2,2,32,18-24,Psychologie (Arbeits- und Organisationspsychologie),1,0,0,True,1,False,False,False,0.24334600760456274,0,1
508,593,201,2,0,1,2,0,1,0,0,0,1.8,2.25,2.83,3.67,1.0,2.25,4.8,3.5,1.0,4.67,4.5,2,5,2,2,20,18-24,International Business and Management,0,0,0,True,1,False,False,False,0.32414448669201523,0,1
509,601,201,2,0,1,2,0,0,0,0,0,1.71,2.0,3.17,2.67,1.0,3.0,4.8,4.5,1.0,3.67,3.5,2,4,2,2,22,18-24,International Relations,1,0,0,True,1,False,False,False,0.0,0,1
510,609,201,2,0,1,2,0,0,0,0,0,1.86,2.75,2.67,3.0,2.5,3.5,4.8,3.0,2.5,4.67,5.0,1,4,2,1,26,18-24,Mechanical Engineering B. Sc.,1,0,0,True,0,True,False,False,0.0,1,0
511,614,201,2,0,1,2,1,1,0,0,1,2.31,2.75,2.83,3.67,2.0,3.5,4.4,3.0,2.5,4.0,3.0,2,5,3,1,22,25-34,International Relations,1,0,0,True,0,True,False,False,0.26013941698352344,0,1
512,618,201,2,0,1,2,1,1,0,1,1,2.49,2.25,3.0,3.67,1.0,2.75,4.2,2.5,1.5,3.67,2.5,3,4,3,1,28,25-34,Mechatronic Systems Engineering,0,0,0,True,0,True,False,False,0.2252851711026616,1,0
513,622,201,2,0,1,2,0,0,0,1,0,1.66,2.25,2.67,2.67,1.5,2.25,5.0,3.5,1.5,4.0,3.0,1,5,2,1,26,18-24,Mechanical Engineering B. Sc.,0,0,0,True,0,True,False,False,0.12072243346007606,1,0
514,626,201,2,0,1,2,0,0,0,0,1,2.69,3.75,3.83,4.67,3.0,3.75,4.2,2.0,3.0,4.0,3.5,4,5,2,2,19,18-24,International Business Administration,1,0,0,True,1,False,False,False,0.09030418250950568,0,1
515,645,201,2,0,1,2,0,0,0,1,0,2.66,2.25,2.83,3.33,1.0,1.5,3.8,3.0,2.5,3.33,4.0,1,4,2,1,11,18-24,Electrical and Electronics Engineering,0,0,0,True,0,True,False,False,0.12072243346007606,1,0
516,648,201,2,0,1,2,0,0,0,0,0,2.26,2.25,3.0,1.67,1.5,3.25,3.4,2.5,2.5,4.0,3.0,3,3,3,2,21,25-34,International Management and Psychology,1,0,0,True,1,False,False,False,0.0,0,1
517,653,201,2,0,1,1,0,1,0,0,0,1.4,2.25,2.17,2.33,1.0,2.75,4.8,2.5,1.0,4.67,2.5,1,2,3,2,35,25-34,Sustainable Agriculture,1,1,0,True,1,False,False,False,0.32414448669201523,1,0
518,688,201,2,0,1,2,0,0,0,0,0,2.6,2.75,3.17,4.0,2.5,2.75,3.6,3.0,2.0,3.33,3.0,3,4,3,3,3,25-34,Bioengineering,0,0,0,True,0,False,False,True,0.0,1,0
519,692,201,2,0,1,1,0,0,1,0,1,2.6,3.25,2.67,2.33,2.5,2.25,4.0,4.0,2.5,3.67,3.0,2,5,2,1,29,18-24,Medieninformatik,1,1,0,True,0,True,False,False,0.061787072243345995,1,0
520,713,201,2,0,1,2,1,0,0,0,0,1.97,1.75,3.17,3.0,1.5,3.5,4.2,3.0,2.0,3.33,4.5,4,5,2,1,22,18-24,International Relations,0,0,0,True,0,True,False,False,0.3659695817490494,0,1
521,732,201,2,0,1,2,0,1,0,0,1,1.66,2.5,2.33,3.0,1.0,3.75,4.8,2.5,2.0,4.67,4.0,1,4,3,2,20,25-34,International Business and Management,1,0,0,True,1,False,False,False,0.20722433460076045,0,1
522,735,201,2,0,1,1,0,1,0,0,1,2.34,2.75,3.17,3.33,1.5,3.25,4.2,3.0,2.0,3.33,4.0,1,4,2,1,31,18-24,Nachhaltiger Tourismus,1,1,0,True,0,True,False,False,0.20722433460076045,0,1
523,755,201,2,0,1,1,1,1,0,0,0,2.06,2.5,3.17,2.33,3.0,1.5,3.4,3.0,2.0,3.0,3.0,3,3,2,1,13,18-24,Environment and Energy,0,1,0,True,0,True,False,False,0.34505703422053235,1,0
524,765,201,2,0,1,1,0,1,0,0,0,1.91,2.5,2.33,3.0,1.0,2.5,4.0,3.5,1.5,3.0,3.0,3,4,2,2,3,18-24,Bioengineering,1,1,0,True,1,False,False,False,0.32414448669201523,1,0
525,777,201,2,0,1,2,0,1,1,1,0,2.23,2.25,2.5,3.33,2.5,3.75,3.8,3.0,1.5,3.33,4.0,1,5,2,1,16,18-24,Industrial Engineering,0,0,0,True,0,True,False,False,0.15937896070975918,1,0
