lfdn,game_id,player_type,treatment,coin,strategy,q1,q2,q3,q4,q5,DarkFactor,CRUD,PATHY,EGO,SPITE,MACH,SAD,SCTR,FRUST,NARC,PENT,MDIS,GRE,age,gender,degree,age_str,gender_str,degree_str,german_nat
28,210,2,1,0,2,0,0,0,1,0,1.63,1.5,2.5,3.67,1,4.5,5,3,2,4.67,4.5,1,4,3,2,32,25-34,Female,Psychologie (Arbeits- und Organisationspsychologie),1
42,210,2,1,0,2,0,0,0,0,0,1.83,2.25,2.83,2.67,1.5,2.75,4.6,2.5,1.5,3.67,4.5,2,5,2,2,2,18-24,Female,Bio Science and Health,1
49,210,2,1,0,2,0,1,0,0,0,2.29,2.5,2.67,3.33,3,3,3.2,3,2,4,2.5,4,5,3,1,37,25-34,Male,Usability Engineering,0
51,210,2,1,0,1,0,1,0,0,0,2.2,2.5,2.5,3,1.5,3,4.4,3,1.5,3.67,3.5,1,4,2,4,35,18-24,ND,Sustainable Agriculture,0
59,210,2,1,0,2,1,0,0,0,0,1.94,2.25,3,3,1,3.5,4.2,3.5,1.5,4.33,3.5,1,4,2,2,32,18-24,Female,Psychologie (Arbeits- und Organisationspsychologie),1
72,210,2,1,0,1,1,0,1,1,0,2.66,3.5,3,3.33,1.5,2.5,3.8,3.5,1.5,3.33,3.5,4,4,2,1,23,18-24,Male,International Taxation and Law,0
78,210,2,1,0,2,0,0,0,0,1,1.91,2.75,2.5,3.33,1.5,3,4.6,3,2,3.67,3.5,1,4,3,2,24,25-34,Female,Kindheitspädagogik,1
81,210,2,1,0,1,0,0,0,1,0,2.14,2.5,3,3,2,3.75,4.4,3.5,3,3.33,4,2,4,3,1,27,25-34,Male,Mechanical Engineering M. Sc.,0
84,210,2,1,0,2,0,0,0,0,0,1.91,2.5,3.33,3.33,1.5,4,4.8,2.5,1.5,4,3,3,3,2,2,24,18-24,Female,Kindheitspädagogik,1
107,210,2,1,0,2,0,0,0,0,0,2.11,2.25,2.67,2.67,2.5,3.75,3.8,3,2,3.67,3.5,2,4,3,2,35,25-34,Female,Sustainable Agriculture,1
126,210,2,1,0,2,0,0,0,0,0,2.43,3,3.33,3.33,1,3.25,4,2,2,3,3,4,5,2,1,29,18-24,Male,Medieninformatik,0
137,210,2,1,0,2,0,0,0,0,0,2.17,2.75,3.33,3,1,3.25,4.6,4,2.5,4,3.5,2,4,3,2,14,25-34,Female,Gender and Diversity,0
140,210,2,1,0,2,0,0,0,0,0,2.03,2.75,2.83,3,1,2.5,4.2,3,2.5,4,3.5,3,4,3,1,10,25-34,Male,Economics and Finance,0
151,210,2,1,0,2,0,0,0,0,0,1.66,2.5,2.67,2.67,1.5,3.25,4.6,3.5,2,4.67,3.5,1,4,2,2,25,18-24,Female,Lebensmittelwissenschaften,1
161,210,2,1,0,2,0,1,0,0,0,2,2.5,3,3.67,1,3.5,5,3,1.5,3.33,3,1,4,2,2,20,18-24,Female,International Business and Management,0
163,210,2,1,0,2,0,0,0,0,0,2.09,3,2.83,4,1.5,4.5,4.8,3.5,2,4,3.5,1,4,2,1,35,18-24,Male,Sustainable Agriculture,1
190,210,2,1,0,2,0,0,0,0,0,2.37,2.75,2.67,3,2,3.25,4.8,2,2.5,3.67,3.5,2,3,2,2,32,18-24,Female,Psychologie (Arbeits- und Organisationspsychologie),1
230,210,2,1,0,2,0,1,0,0,0,1.63,1.25,2.83,3,1,2.5,4.8,3,1.5,4.67,3,1,4,3,3,17,25-34,Other,Information and Communication Design,0
237,210,2,1,0,1,1,1,1,0,0,2.66,3,3.17,3.33,2.5,3.5,3.4,3,3,3.33,2.5,3,4,2,1,7,18-24,Male,Bionics/Biomimetics,0
248,210,2,1,0,2,1,0,0,0,0,1.4,2.25,2.33,2.67,1.5,3,4.6,3,1,4.33,4,1,4,2,2,3,18-24,Female,Bioengineering,0
256,210,2,1,0,2,0,0,0,0,0,2,2.5,2.67,3.67,1.5,2.25,4.6,3,1.5,3.67,2,3,5,2,1,26,18-24,Male,Mechanical Engineering B. Sc.,0
264,210,2,1,0,1,0,0,0,0,0,2.43,3.5,2.83,3.33,1,2.5,4.4,4,1.5,3,3,2,4,3,2,14,25-34,Female,Gender and Diversity,0
270,210,2,1,0,1,1,1,0,0,0,1.51,2,3,2.67,1,2.75,4.4,2.5,1.5,5,3.5,3,5,2,2,13,18-24,Female,Environment and Energy,0
287,210,2,1,0,2,0,0,0,0,1,2.54,2.5,2.33,2.67,2.5,3.5,4,2,2.5,3.33,3.5,2,4,2,2,29,18-24,Female,Medieninformatik,1
315,210,2,1,0,2,1,1,0,0,0,1.94,2.25,3.33,3.33,1,3,5,3,2,4,3.5,4,5,2,2,15,18-24,Female,Gesundheitswissenschaften und -management,1
333,210,2,1,0,2,0,0,0,0,0,3.17,3.25,3,4,1.5,3,3.6,2.5,2.5,2,3,2,3,3,2,3,25-34,Female,Bioengineering,0
339,210,2,1,0,2,0,0,0,0,0,1.97,2.25,2.83,2,3,2.75,4.6,3,1,3.67,3,2,4,2,1,17,18-24,Male,Information and Communication Design,0
357,210,2,1,0,2,0,0,0,0,0,2.49,2.5,3,3.33,4.5,2,4,3,2.5,3.67,3,2,4,2,1,28,18-24,Male,Mechatronic Systems Engineering,0
366,210,2,1,0,2,0,1,0,0,0,1.63,2.75,3,2.67,1,3.25,4.4,3.5,1.5,4.67,3.5,2,4,3,2,14,25-34,Female,Gender and Diversity,0
367,210,2,1,0,2,0,0,0,0,0,1.77,2.25,2.5,2.33,1,3.5,4.4,2.5,1.5,4.33,4,3,5,5,2,15,45-54,Female,Gesundheitswissenschaften und -management,1
372,210,2,1,0,2,0,0,0,0,1,2.06,3,2.83,3.67,1,3.5,4.4,3,2,3.67,2.5,1,5,3,1,36,25-34,Male,Sustainable Development Management,0
378,210,2,1,0,2,1,0,0,0,0,2.31,3,2.83,3.33,1.5,3.75,4,3,2,3.33,4,2,4,2,2,22,18-24,Female,International Relations,0
381,210,2,1,0,2,1,1,0,0,0,1.97,2.5,3,2.67,3,3.75,4.2,3.5,1.5,4.33,4,1,5,2,3,22,18-24,Other,International Relations,0
387,210,2,1,0,2,0,0,0,0,1,3.54,3.25,3.33,4,2.5,3.25,2,3.5,3.5,3.33,2.5,4,4,3,1,16,25-34,Male,Industrial Engineering,0
397,210,2,1,0,2,1,1,0,0,0,2.2,2.25,2.5,2.67,1,2.5,3.4,3.5,3,2.67,3,2,5,3,2,30,25-34,Female,Mobility and Logistics,0
415,210,2,1,0,2,0,0,0,0,0,1.6,2.5,3,3,1,2.75,5,3,1,3.67,3,1,3,3,2,36,25-34,Female,Sustainable Development Management,0
425,210,2,1,0,2,0,0,0,0,0,2.31,2.75,3,2.33,3.5,3.25,4,2.5,1,4,3.5,2,3,2,1,22,18-24,Male,International Relations,0
427,210,2,1,0,2,0,0,0,0,0,2.23,2.75,2.83,2.67,2,3.25,3.8,4.5,2,3,4,1,5,3,3,14,25-34,Other,Gender and Diversity,0
452,210,2,1,0,2,0,0,0,0,0,2.09,2,3,3.67,2,3,5,4,3,3.67,3,3,5,3,1,14,25-34,Male,Gender and Diversity,0
460,210,2,1,0,2,0,0,0,0,0,2.26,2.25,3.5,3,2,3.25,5,2,2,3.33,3,2,2,2,1,30,18-24,Male,Mobility and Logistics,0
465,210,2,1,0,2,0,0,0,0,0,1.74,2,2.5,3.33,1,2.25,4.4,2.5,1,4.67,4.5,1,4,4,1,35,35-44,Male,Sustainable Agriculture,1
491,210,2,1,0,1,0,0,0,1,0,2.49,3,3.33,1.67,2.5,2.5,3.4,3,2.5,4,2.5,3,3,3,1,35,25-34,Male,Sustainable Agriculture,0
508,210,2,1,0,2,0,0,0,0,0,2.6,2.5,3,3.67,3,2.25,3.8,3,2,3,3.5,2,4,3,1,1,25-34,Male,Agribusiness,0
528,210,2,1,0,2,0,0,0,0,0,1.66,2.25,3,2.33,4.5,2.75,4.8,3,1,3.67,3,2,5,3,1,7,25-34,Male,Bionics/Biomimetics,0
540,210,2,1,0,2,0,0,0,0,0,2.94,2.75,3.17,3.33,2.5,3.5,3,2.5,3,3.33,3,2,4,3,1,20,25-34,Male,International Business and Management,1
550,210,2,1,0,2,0,0,0,0,0,1.4,2.75,2.5,2.33,1,2.75,5,3,1,5,3.5,1,5,2,2,31,18-24,Female,Nachhaltiger Tourismus,1
555,210,2,1,0,2,0,0,0,0,0,1.74,2.25,3.33,3.33,2,3.5,5,3.5,1,3.67,3,1,4,3,1,13,25-34,Male,Environment and Energy,0
559,210,2,1,0,1,0,0,0,0,0,2.23,2.5,3,3.33,1.5,4,4.2,3,2.5,3.33,4,2,5,2,2,22,18-24,Female,International Relations,1
567,210,2,1,0,2,1,1,1,0,0,2.23,3.25,3.17,3,2,3.5,4.2,2.5,2.5,3.33,4,3,5,2,2,30,18-24,Female,Mobility and Logistics,1
572,210,2,1,0,2,0,1,0,0,0,2.06,3,3,2.33,1,2.75,4.4,3,2.5,4,3,2,3,2,1,20,18-24,Male,International Business and Management,0
580,210,2,1,0,2,0,1,0,0,0,2.69,4,4.17,4.33,1.5,4.25,5,4,2.5,2.33,3,2,5,2,2,4,18-24,Female,Biological Resources,0
584,210,2,1,0,1,1,1,0,1,0,3.31,2.5,3,3.33,3.5,3,2.4,3.5,4,2.67,4,2,4,2,2,3,18-24,Female,Bioengineering,0
589,210,2,1,0,2,0,0,1,0,0,1.97,2.75,3,4,1,3.5,4.2,2.5,2,4,4.5,2,5,2,2,32,18-24,Female,Psychologie (Arbeits- und Organisationspsychologie),1
611,210,2,1,0,1,0,0,0,0,0,2.29,3.25,3.33,4,2,3.75,4.2,2.5,2.5,4,3.5,2,4,3,2,25,25-34,Female,Lebensmittelwissenschaften,1
617,210,2,1,0,1,0,0,0,0,0,2.4,2.5,2.17,2.33,2,3.75,3.2,3.5,1.5,4,4,2,5,2,1,22,18-24,Male,International Relations,0
624,210,2,1,0,2,1,0,0,0,0,2.4,2.5,3.17,3.67,1.5,3.75,3.6,3,2.5,3.33,2.5,3,3,3,4,10,25-34,ND,Economics and Finance,0
646,210,2,1,0,2,0,0,0,0,0,1.63,2,2.83,4,1,3.5,5,2,1.5,4.67,2,1,1,2,2,11,18-24,Female,Electrical and Electronics Engineering,0
674,210,2,1,0,2,0,0,0,0,0,2.03,2.25,2.83,2.67,2.5,2.75,4.2,3,1.5,3,2.5,2,3,3,1,21,25-34,Male,International Management and Psychology,0
676,210,2,1,0,2,0,0,0,0,0,2.46,2.5,3.5,4,1.5,2.25,4.4,3,2,3.33,2.5,2,4,3,1,22,25-34,Male,International Relations,0
681,210,2,1,0,2,0,0,0,0,0,2.11,2.75,2.67,3.33,1,3,4,3,2,3.67,2.5,1,4,2,2,22,18-24,Female,International Relations,0
686,210,2,1,0,2,0,0,0,0,0,2,2.25,2.33,3,2,3.25,4.2,2.5,1.5,3.33,3.5,1,4,2,2,24,18-24,Female,Kindheitspädagogik,1
705,210,2,1,0,2,0,1,0,0,0,1.11,2.25,2.33,2.33,1,3.5,5,3,1,5,3,2,5,3,2,13,25-34,Female,Environment and Energy,0
707,210,2,1,0,2,0,0,0,1,0,2.29,2,3.67,3.67,1.5,3.5,4.2,3.5,2,3,3,2,3,2,1,16,18-24,Male,Industrial Engineering,0
714,210,2,1,0,2,1,0,1,0,0,1.94,2.25,2.5,3.33,1.5,3.25,4.2,2.5,2,4,4,2,4,3,2,31,25-34,Female,Nachhaltiger Tourismus,1
716,210,2,1,0,2,0,0,0,1,0,1.83,2,3.33,3.33,4,3,4.8,3.5,2,5,2.5,4,5,3,1,27,25-34,Male,Mechanical Engineering M. Sc.,0
738,210,2,1,0,2,0,0,0,0,0,1.89,2.75,3,3,2,3.75,5,3,2.5,4.67,4.5,3,5,2,2,24,18-24,Female,Kindheitspädagogik,1
744,210,2,1,0,1,0,1,0,0,1,1.86,1.5,2.67,3,1,3,4.6,3.5,2.5,2.67,4,2,5,3,2,37,25-34,Female,Usability Engineering,0
758,210,2,1,0,2,0,0,0,0,0,2.31,2.5,3,3,1,3,3.8,2.5,2,4,3.5,1,4,7,1,29,I prefer not to say.,Male,Medieninformatik,1
766,210,2,1,0,2,0,0,0,0,0,1.66,3,2.83,2.67,1,4,4.8,3,2,4.33,5,1,5,3,1,36,25-34,Male,Sustainable Development Management,1
767,210,2,1,0,2,0,0,0,0,0,2.71,2.5,3,4.33,2,3,3.2,4,1.5,3,3.5,2,5,2,1,28,18-24,Male,Mechatronic Systems Engineering,0
776,210,2,1,0,2,0,0,0,0,0,2.43,2.25,2.83,2.33,4,3.25,3.6,3,4,3.67,4,1,5,2,2,22,18-24,Female,International Relations,1
17,110,1,1,0,2,0,0,0,0,0,1.37,2.25,2.83,2.33,1,3,5,3.5,1,5,3.5,2,5,2,1,28,18-24,Male,Mechatronic Systems Engineering,0
19,110,1,1,0,2,0,0,0,0,0,2.51,2.75,3.17,3,2.5,3.25,3.8,3.5,2.5,3.33,3,3,3,2,2,21,18-24,Female,International Management and Psychology,1
24,110,1,1,0,1,0,0,0,0,0,1.8,2,3.33,4.33,1.5,2.75,4.8,2.5,1.5,4.67,2.5,2,5,4,1,36,35-44,Male,Sustainable Development Management,0
30,110,1,1,0,1,0,0,0,0,0,2.09,2.75,2.67,2.67,1.5,2.5,4.6,3,1,3.67,4,2,3,3,2,36,25-34,Female,Sustainable Development Management,0
44,110,1,1,0,2,1,0,0,0,1,2.71,2.75,3.5,3.33,1.5,4.25,3.2,3.5,2.5,3,2.5,3,4,2,1,28,18-24,Male,Mechatronic Systems Engineering,0
80,110,1,1,0,2,0,0,0,0,0,2,3,2.33,3.33,1.5,3.25,5,3.5,2,3,2.5,4,4,3,1,7,25-34,Male,Bionics/Biomimetics,0
90,110,1,1,0,2,1,0,0,0,0,2.31,3,3,3,2.5,3.75,4,3,1.5,3.33,3.5,3,3,2,2,22,18-24,Female,International Relations,0
96,110,1,1,0,1,1,1,0,0,0,2.77,2.75,3.17,3.67,3,3.5,3.4,3,2.5,3,4,3,4,2,1,28,18-24,Male,Mechatronic Systems Engineering,0
104,110,1,1,0,1,0,1,0,0,0,2.86,2.5,3,4.33,2,3.5,3.8,4.5,3,3.33,4,2,5,2,2,29,18-24,Female,Medieninformatik,1
120,110,1,1,0,1,0,0,1,0,0,1.91,2.5,1.67,2.67,1,3.5,4,3.5,1.5,4,3.5,1,5,2,1,22,18-24,Male,International Relations,1
145,110,1,1,0,1,0,1,0,0,0,2.29,2,2.83,2.67,2,2.75,4.8,3,2,3,3.5,2,4,3,1,1,25-34,Male,Agribusiness,0
147,110,1,1,0,1,0,0,0,0,0,2.43,2.5,2.83,3.33,3,2.75,3.6,2,2,4.67,4.5,1,5,3,1,3,25-34,Male,Bioengineering,1
154,110,1,1,0,2,0,0,0,0,0,2.57,3.5,3.33,3.67,1.5,4.25,4.2,2.5,2.5,3.33,2.5,3,4,3,2,3,25-34,Female,Bioengineering,0
160,110,1,1,0,1,0,0,0,0,0,1.8,2.75,3,3.33,1.5,3,4.6,3,2,4.67,3,2,4,3,2,31,25-34,Female,Nachhaltiger Tourismus,1
177,110,1,1,0,1,0,0,0,0,0,2.26,2.75,2.67,2.67,2,3,3.6,2.5,2.5,3.33,2.5,2,5,2,1,35,18-24,Male,Sustainable Agriculture,0
193,110,1,1,0,2,0,0,0,0,0,2.06,2.75,3.33,4.67,2,3,4.6,3.5,3,4.67,4,3,4,3,1,10,25-34,Male,Economics and Finance,0
200,110,1,1,0,2,0,1,0,0,0,2.26,2,2.83,3.33,2.5,4,4.4,3,2.5,2.67,4,1,5,3,1,32,25-34,Male,Psychologie (Arbeits- und Organisationspsychologie),1
222,110,1,1,0,2,0,1,0,1,0,2.94,2.5,3.33,2.33,1,3,3.8,2.5,2.5,2.33,2.5,3,4,2,2,40,18-24,Female,Don't want to answer the question.,0
229,110,1,1,0,2,0,0,0,0,0,1.97,3,3.17,3.67,3,3.5,4.8,3,1.5,4.67,4.5,3,4,2,2,20,18-24,Female,International Business and Management,1
231,110,1,1,0,1,1,0,0,0,0,2.14,3,2.5,3,1.5,3.5,4.4,3,1.5,3.33,4,3,4,2,2,19,18-24,Female,International Business Administration,1
238,110,1,1,0,1,0,0,0,0,0,2,2.75,3.17,2.67,3,3,4.8,2.5,2.5,4.67,4,2,4,3,1,10,25-34,Male,Economics and Finance,1
251,110,1,1,0,1,1,0,0,1,0,2.37,3.5,3.17,3,1.5,3.75,4.4,3,1.5,3.33,2,4,4,2,2,10,18-24,Female,Economics and Finance,0
260,110,1,1,0,1,0,0,0,0,0,1.97,2.75,3,2.67,1.5,2.5,5,2.5,1.5,4.33,3.5,2,4,3,2,14,25-34,Female,Gender and Diversity,0
268,110,1,1,0,1,0,0,0,0,1,2.29,2.5,3,3,1,3,4,2.5,2.5,4,3.5,2,4,2,2,33,18-24,Female,"Qualität, Umwelt, Sicherheit und Hygiene",1
293,110,1,1,0,1,1,1,0,1,1,2.63,3,3.67,4,1,4.75,3.6,3,3,3.33,3,4,5,2,1,16,18-24,Male,Industrial Engineering,0
309,110,1,1,0,1,0,0,0,0,0,2.63,2,2.67,3.33,2,3,3,2,2.5,2.67,1.5,3,4,3,1,1,25-34,Male,Agribusiness,0
334,110,1,1,0,1,0,0,0,0,0,1.54,2.25,2.83,2.67,1,3.25,5,2.5,1.5,5,3.5,1,5,2,1,2,18-24,Male,Bio Science and Health,1
342,110,1,1,0,1,0,1,0,1,0,3.31,3.5,3.67,4,3.5,3.25,3,3.5,3,2.67,3.5,3,4,2,4,3,18-24,ND,Bioengineering,0
350,110,1,1,0,1,0,0,0,0,0,1.91,2.75,2.67,3.33,1.5,3.5,5,3,2,4.33,3.5,2,4,4,2,39,35-44,Female,None of that,1
351,110,1,1,0,2,1,0,0,0,1,2.51,3.25,3,3.33,2.5,3,4,3.5,2,3,2,3,3,3,2,36,25-34,Female,Sustainable Development Management,0
363,110,1,1,0,1,0,0,0,0,0,1.83,2.25,2.33,2.33,2,3.5,4.4,3.5,1.5,4,3.5,1,4,2,2,22,18-24,Female,International Relations,1
369,110,1,1,0,1,0,0,0,0,0,2.77,3,3.33,3.67,3,2.5,3.8,3.5,3,3.67,3.5,4,4,2,1,11,18-24,Male,Electrical and Electronics Engineering,0
376,110,1,1,0,1,0,0,0,0,0,1.4,2.75,2.67,3,1,2.75,5,3,1.5,5,4,2,5,2,2,31,18-24,Female,Nachhaltiger Tourismus,1
393,110,1,1,0,1,0,0,0,0,0,1.51,1.75,3,2.33,1.5,2.75,4.6,3.5,1,3.67,3.5,4,5,2,2,14,18-24,Female,Gender and Diversity,0
395,110,1,1,0,1,0,0,0,0,0,2.06,2.25,2.83,3.33,2,3.75,4.8,3,2.5,3.67,3.5,1,5,2,2,31,18-24,Female,Nachhaltiger Tourismus,1
403,110,1,1,0,2,0,0,0,0,0,2.11,3,2.83,4,2,3,4.8,4,2.5,4.33,4.5,2,4,2,1,20,18-24,Male,International Business and Management,1
411,110,1,1,0,2,0,0,0,0,0,2.03,2.75,2.83,3.33,1,3,4.4,3,1.5,4.33,4.5,2,4,2,2,3,18-24,Female,Bioengineering,1
417,110,1,1,0,1,1,0,0,0,0,3.34,3,3,3.67,3.5,3.5,2.4,3,2.5,3,3,3,4,2,2,3,18-24,Female,Bioengineering,0
419,110,1,1,0,1,1,0,0,0,0,2,2.5,2.83,2.67,2,3,4.2,3,2,4.33,3.5,2,4,3,2,2,25-34,Female,Bio Science and Health,1
423,110,1,1,0,1,0,0,0,0,0,2.06,2.5,2.5,3,1.5,3.5,4.8,5,2,4.67,4,3,4,2,2,31,18-24,Female,Nachhaltiger Tourismus,1
437,110,1,1,0,1,0,0,0,0,0,2.23,2.25,3.17,2.67,1,3,3.6,2,1.5,3,3.5,1,4,2,2,19,18-24,Female,International Business Administration,1
442,110,1,1,0,1,0,0,0,0,0,2.17,1.5,2.83,2.33,2,1.75,4.6,3,2,3.33,4,4,4,3,1,8,25-34,Male,Communication and Information Engineering,0
449,110,1,1,0,2,0,0,0,0,0,2.97,2.75,2.83,3.33,2.5,2.5,3.2,2.5,2.5,3,3,4,4,2,2,3,18-24,Female,Bioengineering,0
454,110,1,1,0,2,1,0,0,0,0,2.06,2.5,3,3.67,2,2.5,4.6,2.5,1.5,2.67,3.5,2,3,3,1,4,25-34,Male,Biological Resources,0
461,110,1,1,0,2,1,1,0,0,0,2.6,3,4,3.33,1.5,2.5,4,4.5,1,3.33,2.5,4,4,3,1,14,25-34,Male,Gender and Diversity,0
469,110,1,1,0,1,0,0,0,0,0,2.49,3,3.17,4,2,2.75,4,2,1.5,3.33,2.5,2,5,2,2,23,18-24,Female,International Taxation and Law,0
474,110,1,1,0,1,0,0,0,0,0,2.09,2,3,3,2,3.25,4.6,2.5,2.5,3.67,4,1,4,2,1,38,18-24,Male,Verwaltungsinformatik - E-Government,1
475,110,1,1,0,1,1,0,0,0,0,2.03,3,2.83,3.67,1.5,4.25,4.4,2.5,2,4.33,3,3,4,3,2,5,25-34,Female,Biomaterials Science,0
495,110,1,1,0,1,1,1,0,0,0,2.91,3.75,3.17,3.67,2.5,3.5,4,3,3.5,3.33,4,3,4,3,1,20,25-34,Male,International Business and Management,0
510,110,1,1,0,1,0,0,0,0,0,2.77,3.5,3.17,4,2,3.25,3.8,3.5,3,3,3,2,4,3,1,18,25-34,Male,Information Engineering and Computer Science,0
526,110,1,1,0,2,1,1,0,0,1,2.2,3,4,3,1.5,3.25,4.6,4.5,1.5,3.67,3,2,4,3,1,27,25-34,Male,Mechanical Engineering M. Sc.,0
548,110,1,1,0,2,0,0,0,1,0,2.46,2.75,3.5,3,2,3,3.8,2.5,2.5,3.67,3.5,4,4,3,1,14,25-34,Male,Gender and Diversity,0
556,110,1,1,0,1,1,0,0,0,0,2.51,3,3.33,3.67,1,3.25,4.2,3.5,2.5,3.67,2.5,3,2,3,1,26,25-34,Male,Mechanical Engineering B. Sc.,0
560,110,1,1,0,1,1,0,0,1,1,2.46,2.25,3.33,3.67,1.5,4.25,3,3,2.5,5,2,2,5,2,1,26,18-24,Male,Mechanical Engineering B. Sc.,0
575,110,1,1,0,2,0,0,0,0,0,1.97,3,2.83,2.67,1.5,3.5,4.2,3,1.5,4.67,3.5,2,4,2,2,31,18-24,Female,Nachhaltiger Tourismus,1
615,110,1,1,0,2,1,1,0,0,0,1.83,2.75,3.17,2.33,1,3.5,4.2,3.5,2.5,3.67,3,1,4,2,2,32,18-24,Female,Psychologie (Arbeits- und Organisationspsychologie),1
635,110,1,1,0,1,0,0,0,0,0,2.06,2,3,2.33,1,2.75,3.4,3,1,5,3,1,5,2,1,29,18-24,Male,Medieninformatik,1
644,110,1,1,0,2,1,0,0,0,0,2.54,3.75,3,4,2,3,4.2,3.5,2,3.67,2.5,3,3,2,1,26,18-24,Male,Mechanical Engineering B. Sc.,0
650,110,1,1,0,1,0,1,0,0,0,1.83,2,2.5,2,1,3.5,5,4,1.5,4,4,1,4,5,2,15,45-54,Female,Gesundheitswissenschaften und -management,1
662,110,1,1,0,2,0,0,0,0,0,2.43,2.25,3.17,3,2,3.5,4,1.5,2.5,4,3.5,2,5,4,1,7,35-44,Male,Bionics/Biomimetics,1
679,110,1,1,0,1,0,0,0,0,0,1.91,2.25,2.67,4,1.5,3.25,4.8,3.5,1,4.33,3,3,5,2,2,26,18-24,Female,Mechanical Engineering B. Sc.,0
694,110,1,1,0,1,1,0,0,1,0,2.37,2.25,3.67,3.67,2.5,4,4.6,3,2.5,3.33,2,4,4,3,2,14,25-34,Female,Gender and Diversity,0
701,110,1,1,0,2,0,0,0,0,0,2.4,2.75,3,3.67,1.5,3.25,4,3.5,1.5,3.33,2.5,3,4,2,2,3,18-24,Female,Bioengineering,0
708,110,1,1,0,1,0,1,0,0,0,1.91,2.5,2.33,3.67,2,3.25,4.6,3.5,2,4.33,3.5,1,4,2,2,20,18-24,Female,International Business and Management,1
722,110,1,1,0,2,0,0,0,0,0,2.09,2,2.67,2.33,1.5,3,4.2,2.5,1.5,4,3,2,4,3,2,34,25-34,Female,Science Communication and Bionics,1
724,110,1,1,0,2,0,0,0,0,0,2.29,2.25,3.33,4.33,1.5,2.75,4.2,4,1.5,3.67,3.5,4,4,2,2,13,18-24,Female,Environment and Energy,0
734,110,1,1,0,1,1,0,0,0,0,1.69,1.75,3,3,2.5,3.25,4.8,3.5,1,4.33,3.5,2,4,2,2,31,18-24,Female,Nachhaltiger Tourismus,1
741,110,1,1,0,1,1,0,0,0,0,1.71,2,2.67,3.67,1,3.5,4.2,4.5,2.5,5,3.5,1,5,2,2,22,18-24,Female,International Relations,1
748,110,1,1,0,1,0,0,0,0,0,2.66,2.5,3.17,3.33,2.5,3.5,4,3.5,3,3.67,4,3,4,3,1,11,25-34,Male,Electrical and Electronics Engineering,0
764,110,1,1,0,2,0,1,0,0,0,2.37,1.75,2.67,3.67,2.5,4.25,4,3,2.5,3,2.5,2,4,2,2,22,18-24,Female,International Relations,1
15,100,1,0,0,1,1,0,0,0,0,2.34,3.25,2.83,3,2.5,3.75,3.8,3.5,2.5,4,3,4,4,2,1,28,18-24,Male,Mechatronic Systems Engineering,0
26,100,1,0,0,2,0,0,0,0,0,2.54,2.75,3.5,4.33,2,4,3.8,3.5,3.5,4.33,4,3,5,2,1,26,18-24,Male,Mechanical Engineering B. Sc.,1
27,100,1,0,0,2,0,1,0,0,0,2.4,2.25,3.33,3,2.5,3.5,4.4,3.5,3,3,3.5,2,4,3,1,3,25-34,Male,Bioengineering,0
39,100,1,0,0,1,0,0,0,0,0,1.83,2.25,2.83,3,1,3.75,4.6,2.5,2.5,4.67,3.5,2,4,2,2,22,18-24,Female,International Relations,0
58,100,1,0,0,1,0,0,0,0,0,1.89,2.75,3,3,1,3.5,4.8,3.5,2,4.67,2.5,2,4,3,1,30,25-34,Male,Mobility and Logistics,0
143,100,1,0,0,2,0,0,0,0,0,2.74,3.25,3.33,2.67,1.5,3.75,3.6,4,3.5,3.33,2,2,4,3,2,3,25-34,Female,Bioengineering,0
152,100,1,0,0,1,0,0,0,0,0,2.11,2,2.83,3.67,2.5,3.25,4.6,4,2,3.67,3,3,5,3,1,23,25-34,Male,International Taxation and Law,0
179,100,1,0,0,2,1,0,0,0,0,2.37,3.25,2.83,3,1.5,3.25,3.8,4,2.5,3.67,2.5,4,4,2,1,33,18-24,Male,"Qualität, Umwelt, Sicherheit und Hygiene",1
183,100,1,0,0,2,0,1,0,0,0,2.2,1.5,3.33,3.67,2,3.5,4.6,3,2.5,4.33,3,1,4,3,1,10,25-34,Male,Economics and Finance,0
187,100,1,0,0,1,1,0,0,0,0,2.29,2.75,3.17,3.33,3.5,3.5,4.6,3.5,2,3.67,4.5,3,4,2,1,26,18-24,Male,Mechanical Engineering B. Sc.,0
195,100,1,0,0,1,0,0,0,0,0,1.46,2,2.5,2.67,1,3,4.2,3,1.5,5,3.5,2,4,2,2,26,18-24,Female,Mechanical Engineering B. Sc.,0
202,100,1,0,0,2,0,0,0,0,0,1.83,2.75,2.83,2.67,1.5,3.25,4,3.5,1.5,4,4,1,5,4,1,14,35-44,Male,Gender and Diversity,0
205,100,1,0,0,2,1,0,0,0,0,2.03,2.75,2,3.67,1,3.25,4.2,2.5,1.5,4.33,2.5,3,4,2,1,26,18-24,Male,Mechanical Engineering B. Sc.,0
211,100,1,0,0,2,0,1,0,0,0,1.94,2,2.67,3,1.5,3,4.6,3,2.5,4,3,1,3,3,2,22,25-34,Female,International Relations,1
218,100,1,0,0,2,0,0,0,0,0,1.77,2.25,2.67,2.67,1.5,3.25,4.6,3.5,2,4,3.5,2,4,2,2,21,18-24,Female,International Management and Psychology,1
219,100,1,0,0,2,0,0,0,0,0,2.37,2.5,3.33,3,1.5,4,4.4,3.5,2.5,3.33,3.5,2,2,2,2,32,18-24,Female,Psychologie (Arbeits- und Organisationspsychologie),1
224,100,1,0,0,2,1,0,0,0,0,1.63,2,2.33,2.67,1.5,2.75,4.2,2.5,1.5,4.33,2.5,2,4,3,2,36,25-34,Female,Sustainable Development Management,1
235,100,1,0,0,1,0,0,0,0,0,2.23,2.5,2.67,3.67,1,3.75,4.2,2.5,3,4,4,1,5,2,1,3,18-24,Male,Bioengineering,1
243,100,1,0,0,1,0,0,0,0,0,1.8,2.25,2.5,3,1,2.5,4.8,3.5,1.5,4,3.5,1,4,2,1,3,18-24,Male,Bioengineering,0
250,100,1,0,0,2,1,0,0,0,0,2.6,3.5,3.17,3.67,2.5,3.25,3,3.5,2,4,2.5,4,4,2,1,18,18-24,Male,Information Engineering and Computer Science,0
261,100,1,0,0,1,0,1,0,0,0,2.54,3.25,3,3,2,3.25,3.8,3,2.5,3.33,3,4,4,3,1,26,25-34,Male,Mechanical Engineering B. Sc.,0
274,100,1,0,0,1,0,0,0,0,0,2.11,1.75,3.33,3.67,1.5,2.5,3.8,2,1.5,4.67,2.5,2,4,2,1,16,18-24,Male,Industrial Engineering,0
291,100,1,0,0,2,1,1,0,1,0,2.26,2.5,3.17,3.33,1.5,3.5,4.8,3.5,1.5,3.67,2.5,2,3,2,1,26,18-24,Male,Mechanical Engineering B. Sc.,0
297,100,1,0,0,2,1,1,0,0,0,2.11,2.5,3,2.67,1.5,3,4.4,3,2.5,4,4,2,4,2,2,17,18-24,Female,Information and Communication Design,0
299,100,1,0,0,2,0,0,0,0,0,2,2.75,2.67,3.67,2,2.25,4,3,1.5,3.33,3,2,4,3,1,27,25-34,Male,Mechanical Engineering M. Sc.,0
303,100,1,0,0,1,1,0,0,0,0,2.49,2.5,3.17,3,2,3.5,3.4,3,2,2.67,3,2,4,3,2,8,25-34,Female,Communication and Information Engineering,0
314,100,1,0,0,1,0,0,0,0,0,2.74,3.5,3.17,3.67,2.5,3.5,3.6,3,3.5,3.33,3.5,4,5,3,1,38,25-34,Male,Verwaltungsinformatik - E-Government,1
319,100,1,0,0,1,0,0,0,0,0,2.66,2,3.5,3,2,2.75,3.8,3,3,4,3,1,4,2,2,24,18-24,Female,Kindheitspädagogik,1
329,100,1,0,0,1,0,0,0,0,0,1.8,2.5,2.67,2.67,1.5,3.25,4.2,4.5,1.5,4.67,3,3,5,2,2,31,18-24,Female,Nachhaltiger Tourismus,1
332,100,1,0,0,1,0,0,0,0,0,1.89,2.5,2.5,2.67,2,3.5,4.6,3.5,2,3.67,4,4,4,2,1,23,18-24,Male,International Taxation and Law,0
343,100,1,0,0,1,0,0,1,0,0,2,2,3,4,1.5,3.5,4.8,4.5,1,4,3,3,5,4,1,29,35-44,Male,Medieninformatik,1
365,100,1,0,0,1,0,0,0,0,0,2.11,2.5,2.33,3,1,3.5,4.4,3,1.5,3.33,4,1,3,2,1,8,18-24,Male,Communication and Information Engineering,0
404,100,1,0,0,1,1,0,0,1,0,2.03,2.75,3,4,1,3.5,4.4,3,2,4,3,4,4,3,1,1,25-34,Male,Agribusiness,0
439,100,1,0,0,2,1,0,0,0,0,1.66,2,2.33,4,1.5,3.5,4.8,3,1.5,4.33,3,2,5,2,2,16,18-24,Female,Industrial Engineering,0
456,100,1,0,0,2,0,0,0,0,0,2,3,3.17,3,1,4.25,4.6,2.5,2,4,4,2,5,3,2,32,25-34,Female,Psychologie (Arbeits- und Organisationspsychologie),1
470,100,1,0,0,1,1,1,0,0,0,2.06,2,2.67,2.33,2,3.5,3.8,2.5,1.5,4.33,4.5,2,4,3,1,25,25-34,Male,Lebensmittelwissenschaften,1
476,100,1,0,0,2,1,1,0,0,0,2.46,2,3.33,3.33,1,3.5,3.2,3,2,3.67,3.5,1,5,3,1,30,25-34,Male,Mobility and Logistics,1
487,100,1,0,0,1,0,0,0,0,0,1.31,2,2.33,2.67,1,3,5,3,1.5,4.67,4.5,1,4,2,2,31,18-24,Female,Nachhaltiger Tourismus,1
503,100,1,0,0,1,0,0,0,0,0,2.29,2.75,3.33,3.33,3,3.25,4.4,3,2.5,4,4.5,3,3,2,2,22,18-24,Female,International Relations,1
511,100,1,0,0,1,1,1,0,0,0,3.17,3,3,4.33,2,4,2.6,2.5,3.5,3,3,3,3,2,1,22,18-24,Male,International Relations,0
519,100,1,0,0,1,0,0,0,0,0,2.4,2.75,3.33,3.33,1.5,2.25,4,2.5,2,3.67,3,3,4,3,2,20,25-34,Female,International Business and Management,0
523,100,1,0,0,2,1,1,1,0,0,2.49,2.5,3.33,3.33,2,3,3.6,3,1.5,4.67,4,2,4,2,2,8,18-24,Female,Communication and Information Engineering,0
532,100,1,0,0,2,0,0,0,0,0,2.11,3,2.33,2.67,1,2.75,4.2,3,2,3.33,3,2,4,2,2,37,18-24,Female,Usability Engineering,0
546,100,1,0,0,1,0,0,0,0,0,2.29,2.25,3,2.67,1.5,2.5,3.2,3,1.5,3.33,3,3,4,3,2,30,25-34,Female,Mobility and Logistics,0
581,100,1,0,0,1,0,0,0,0,0,2.11,2.75,3,2.33,1,3,3,2.5,2.5,4,3.5,1,5,6,2,1,Above 54,Female,Agribusiness,0
591,100,1,0,0,2,1,1,0,0,1,1.8,2.25,3,2.67,1,3,4.4,3,2.5,4.33,4,3,5,2,1,3,18-24,Male,Bioengineering,0
604,100,1,0,0,2,0,1,0,0,0,2.34,2.25,3,3,1.5,2.75,3.8,2,2.5,3,3,2,3,2,1,19,18-24,Male,International Business Administration,1
613,100,1,0,0,2,0,0,0,0,0,1.26,2,2.33,2.33,2,3,5,3,1,4.67,3.5,2,5,3,2,24,25-34,Female,Kindheitspädagogik,1
625,100,1,0,0,2,1,0,0,0,0,1.77,2.75,2.67,3.67,1,3.5,5,3,3,4.67,3.5,3,5,3,1,27,25-34,Male,Mechanical Engineering M. Sc.,0
627,100,1,0,0,2,0,0,0,0,0,2.09,2.25,3,2.33,1,4,4.6,3.5,3,4,4,3,4,3,2,32,25-34,Female,Psychologie (Arbeits- und Organisationspsychologie),1
631,100,1,0,0,2,0,0,0,0,0,2.54,2.5,2.83,3,1.5,2.5,3.4,3.5,1,2.67,3,2,4,3,2,30,25-34,Female,Mobility and Logistics,0
641,100,1,0,0,2,0,0,0,0,0,2.06,2.75,3.67,4,1,2.75,4.8,3.5,2,3.67,3,2,4,2,1,28,18-24,Male,Mechatronic Systems Engineering,0
656,100,1,0,0,2,0,0,1,0,0,2.57,3,2.33,3,2,2.75,3.4,3,3,3,3,3,3,2,1,26,18-24,Male,Mechanical Engineering B. Sc.,0
668,100,1,0,0,1,0,0,0,1,0,1.6,2,2.67,2.67,1,2,4.4,2.5,1,4.33,4,2,4,3,1,26,25-34,Male,Mechanical Engineering B. Sc.,0
680,100,1,0,0,2,0,0,0,0,0,2.06,2.25,2.67,4,1.5,3,3.8,3.5,1,4,3,3,5,2,2,26,18-24,Female,Mechanical Engineering B. Sc.,0
691,100,1,0,0,1,0,0,0,0,0,2.69,3,2.83,3,2.5,3.5,3.8,3,3,2.33,3,3,4,3,1,10,25-34,Male,Economics and Finance,0
721,100,1,0,0,2,0,0,0,0,0,1.89,2.5,2.67,2.67,1.5,3.25,4.2,3.5,2.5,4,4.5,1,5,4,1,14,35-44,Male,Gender and Diversity,0
750,100,1,0,0,1,0,0,0,0,0,2.29,1.75,2.67,3.67,2.5,2.75,3.8,2,1,4,1.5,2,4,3,2,1,25-34,Female,Agribusiness,0
753,100,1,0,0,2,0,0,0,0,0,1.57,2.25,2.83,3,1,3.25,5,3,1.5,4.33,5,1,3,2,2,32,18-24,Female,Psychologie (Arbeits- und Organisationspsychologie),1
756,100,1,0,0,2,0,0,0,0,0,2.06,2.5,2.5,3,1.5,3,4,2.5,2,4,4,2,4,3,2,35,25-34,Female,Sustainable Agriculture,1
773,100,1,0,0,2,0,0,0,0,0,2.2,3.25,2.5,3.67,1.5,3,4.4,3,2.5,3.67,3.5,2,4,3,2,18,25-34,Female,Information Engineering and Computer Science,0
779,100,1,0,0,2,0,0,0,0,0,2.63,3.25,3.67,4,1,3.5,4.8,3.5,2.5,3.67,2.5,3,4,2,1,8,18-24,Male,Communication and Information Engineering,0
784,100,1,0,0,1,1,1,0,0,1,2.4,2.25,2.67,3.33,2,3.5,3.6,3,2,3,2,4,4,2,1,28,18-24,Male,Mechatronic Systems Engineering,0
22,200,2,0,0,1,0,1,0,0,0,2.57,3.75,3.67,3.33,2,4,3.8,3,2,4,3.5,4,5,2,2,23,18-24,Female,International Taxation and Law,0
57,200,2,0,0,2,0,0,0,0,0,2.03,2.25,2.83,3.33,1,3,4,2.5,2,4.33,4,3,4,2,2,20,18-24,Female,International Business and Management,1
60,200,2,0,0,2,0,1,1,1,1,3,2.75,2.67,3.33,1.5,2.75,3,3,2,2,2.5,2,4,2,1,23,18-24,Male,International Taxation and Law,0
64,200,2,0,0,2,0,0,0,0,0,1.46,1.75,2.67,3,1,3,4.8,3,1.5,4.67,4.5,1,4,3,2,31,25-34,Female,Nachhaltiger Tourismus,1
86,200,2,0,0,2,0,0,0,0,0,2,2.5,2.67,2.67,1.5,3,4.6,3.5,1,4,3,3,4,3,1,27,25-34,Male,Mechanical Engineering M. Sc.,0
91,200,2,0,0,2,0,0,0,1,0,1.89,2.75,2.67,3,1,3.75,4,3,2,4,3.5,2,4,3,4,40,25-34,ND,Don't want to answer the question.,0
106,200,2,0,0,2,0,0,0,0,0,2.03,2.75,2.5,2.67,1,3.5,4.2,4.5,1.5,4,3,2,4,2,2,14,18-24,Female,Gender and Diversity,1
108,200,2,0,0,2,0,0,0,0,0,1.54,2,2.83,3.33,1,3.25,4.8,3,1,3.67,3.5,1,5,3,2,22,25-34,Female,International Relations,1
134,200,2,0,0,2,0,0,0,0,0,1.97,3,3,3,1,3.25,4.2,3,2,4.67,3,1,3,2,2,8,18-24,Female,Communication and Information Engineering,0
136,200,2,0,0,1,0,0,0,0,0,2.2,2.5,3.17,5,3.5,3,4.2,3,1.5,4.33,2,2,3,2,2,4,18-24,Female,Biological Resources,0
170,200,2,0,0,2,1,1,0,0,0,2.11,2,2.67,3,1,3.5,3.4,3,3,4.67,3,2,4,2,1,5,18-24,Male,Biomaterials Science,0
176,200,2,0,0,1,1,1,0,0,0,1.74,1,2.67,4,1,2.75,4.8,2.5,1.5,4.67,3,2,4,2,2,35,18-24,Female,Sustainable Agriculture,0
181,200,2,0,0,2,1,1,0,0,0,1.83,2.25,2.67,2.67,1,3.25,4.4,2.5,1.5,4.33,4,2,5,2,1,4,18-24,Male,Biological Resources,1
184,200,2,0,0,2,0,0,0,0,0,1.83,2.5,2.5,2.33,1,4,4.8,2.5,2,4.33,4,1,5,2,2,31,18-24,Female,Nachhaltiger Tourismus,1
189,200,2,0,0,2,0,0,0,0,0,2.6,3,3,4,2.5,4,3.4,3,3.5,4.33,4.5,2,4,2,1,40,18-24,Male,Don't want to answer the question.,1
198,200,2,0,0,2,0,0,0,0,0,1.66,2.5,3,3,1,2.75,5,2.5,1.5,4.67,4.5,2,4,3,2,7,25-34,Female,Bionics/Biomimetics,1
212,200,2,0,0,2,0,1,0,0,1,2.6,2,3,3,3,4.25,4,4,2.5,3.33,3,3,3,3,1,40,25-34,Male,Don't want to answer the question.,1
242,200,2,0,0,2,0,1,0,0,0,2.29,3,3.17,2.67,1,3.75,3.6,2.5,2,3.67,3,3,3,2,2,3,18-24,Female,Bioengineering,0
254,200,2,0,0,2,0,0,0,0,0,1.83,2.75,2.67,4.33,1,3.25,4.4,4.5,1,4.67,5,1,5,3,2,15,25-34,Female,Gesundheitswissenschaften und -management,1
265,200,2,0,0,2,0,1,0,0,0,1.94,2.75,2.67,2.67,1,3.75,4.4,2.5,1.5,3.67,2,1,4,2,2,19,18-24,Female,International Business Administration,1
279,200,2,0,0,2,0,0,0,0,1,3.26,3,2.33,4,3,3,2,2.5,2.5,2.33,2.5,1,1,2,1,22,18-24,Male,International Relations,1
286,200,2,0,0,2,0,0,0,0,0,2.43,2.75,2.83,4.33,1,3.25,4,2.5,1.5,3.67,4.5,4,5,3,1,19,25-34,Male,International Business Administration,0
290,200,2,0,0,1,0,0,0,0,0,2.34,3,3.33,3.67,1.5,3.25,4.6,2,2.5,3.33,4.5,5,5,3,2,36,25-34,Female,Sustainable Development Management,0
296,200,2,0,0,1,0,0,0,0,0,3,3.25,3.17,3.67,4,2.5,3,3,3,3,3,3,3,3,4,30,25-34,ND,Mobility and Logistics,0
307,200,2,0,0,2,1,1,0,0,0,1.77,2.5,2.5,3.67,1,3.25,4.6,4,1.5,4.67,3.5,2,4,2,2,3,18-24,Female,Bioengineering,1
316,200,2,0,0,1,1,0,0,0,0,2.06,1.75,2.33,2.67,1,2.75,3.6,3,1.5,3.33,3,2,3,3,1,28,25-34,Male,Mechatronic Systems Engineering,0
320,200,2,0,0,2,0,0,0,0,0,2.89,3,3,4.33,2,3,3.4,3,3,3,3,3,3,3,1,27,25-34,Male,Mechanical Engineering M. Sc.,0
325,200,2,0,0,2,0,0,0,0,0,1.37,2.25,2.33,2.67,2.5,2.75,4.8,3,1.5,5,3.5,2,4,3,2,39,25-34,Female,None of that,1
331,200,2,0,0,2,0,0,0,0,0,1.63,2.75,2.83,3,1,3.25,5,2.5,2,5,4,2,4,2,2,31,18-24,Female,Nachhaltiger Tourismus,1
345,200,2,0,0,2,0,0,0,0,0,1.74,2.5,2.83,3.67,1,2.75,4.8,2.5,2,3.67,1.5,1,4,3,2,26,25-34,Female,Mechanical Engineering B. Sc.,0
354,200,2,0,0,1,1,1,1,0,1,3.09,3.25,3.67,3,4,3.5,3,3,2.5,2.67,3.5,3,4,2,1,26,18-24,Male,Mechanical Engineering B. Sc.,0
356,200,2,0,0,2,0,0,0,0,0,2.4,3.5,3.5,3.67,1.5,3.75,5,3.5,2.5,3.67,3,3,5,2,1,26,18-24,Male,Mechanical Engineering B. Sc.,0
359,200,2,0,0,2,1,0,0,0,0,2,2.5,2.83,3,2,3,4,3.5,2,4,4,3,4,2,2,21,18-24,Female,International Management and Psychology,1
373,200,2,0,0,2,0,0,0,0,0,2.31,2.5,2.67,4,1.5,4,4.2,2.5,4,3.67,4,1,4,3,3,14,25-34,Other,Gender and Diversity,0
405,200,2,0,0,2,0,0,0,0,0,2.29,2.5,3,3.33,1.5,3.25,4.4,3,2.5,3.67,3,2,4,3,1,13,25-34,Male,Environment and Energy,0
410,200,2,0,0,2,1,1,0,1,1,2.26,2.25,3,3,2,3.5,3.8,3,3,4.33,3.5,2,4,3,1,18,25-34,Male,Information Engineering and Computer Science,0
433,200,2,0,0,2,0,0,0,0,0,2.49,2.75,2.83,3.33,1.5,4.25,4,2,1.5,4,2.5,4,3,3,1,13,25-34,Male,Environment and Energy,0
436,200,2,0,0,1,1,1,0,0,0,2.34,3.5,2.83,3.33,3,2.75,4.2,3,2,3.67,3.5,3,4,3,1,7,25-34,Male,Bionics/Biomimetics,0
440,200,2,0,0,2,1,0,0,1,0,2.66,3.25,2.83,4,1.5,3.75,4.2,3,2.5,4,2.5,3,3,2,1,26,18-24,Male,Mechanical Engineering B. Sc.,0
444,200,2,0,0,2,0,0,1,1,0,2.49,2.5,3,3,1.5,3.25,4,3,3,3.33,3,3,3,2,2,14,18-24,Female,Gender and Diversity,0
451,200,2,0,0,2,0,0,0,0,0,2.49,3.25,2.67,2.67,3,2.75,4.4,3,2.5,3.33,4,2,4,2,2,19,18-24,Female,International Business Administration,1
478,200,2,0,0,2,1,1,0,0,0,1.46,2,2.67,3,1.5,2.75,4.8,3,1,4.33,3,1,4,3,2,21,25-34,Female,International Management and Psychology,1
482,200,2,0,0,1,0,1,0,0,0,2.29,2.5,2.83,3.33,2,3,3.8,3,2,4,3,2,4,3,2,35,25-34,Female,Sustainable Agriculture,0
494,200,2,0,0,2,0,0,1,0,0,2.17,2.5,2.67,2.33,1.5,3.25,3.6,3.5,2.5,3.33,3.5,2,4,3,4,20,25-34,ND,International Business and Management,0
496,200,2,0,0,2,0,1,0,0,0,2.29,1.75,3,3,1,3.25,3.6,2.5,2,2.67,3,4,4,2,1,19,18-24,Male,International Business Administration,0
513,200,2,0,0,2,0,0,0,0,0,2.09,2.75,3,3,1,4,4.4,3.5,2,4,3.5,4,5,2,1,11,18-24,Male,Electrical and Electronics Engineering,0
516,200,2,0,0,2,0,0,0,1,1,3,3.25,3.67,3.33,4,3.75,3.4,3.5,3.5,3.33,4,4,4,3,2,14,25-34,Female,Gender and Diversity,0
535,200,2,0,0,2,0,0,0,0,0,2.31,2.75,3.67,3,1.5,3.25,4,3,2.5,3,2,5,4,2,1,18,18-24,Male,Information Engineering and Computer Science,0
549,200,2,0,0,1,1,0,0,0,0,2.71,2.75,2.67,3.33,2.5,3.25,2.8,4,3,3.33,2.5,3,4,2,4,4,18-24,ND,Biological Resources,0
590,200,2,0,0,2,0,0,0,0,0,2.4,2.25,3.17,3,1,3,4,3,3,4,4,1,2,2,1,29,18-24,Male,Medieninformatik,1
596,200,2,0,0,2,0,0,0,0,0,1.29,2,2.5,3,1,2.5,4.8,2.5,1,5,3,1,4,2,3,14,18-24,Other,Gender and Diversity,0
632,200,2,0,0,2,1,0,0,0,0,2.89,3.5,2.83,3.67,4,3.5,3,4.5,2.5,3.33,4,3,3,2,1,1,18-24,Male,Agribusiness,0
655,200,2,0,0,2,0,1,0,0,0,2.17,2.5,2.67,3.67,1.5,3,4.2,3,2.5,4,2.5,2,3,2,1,20,18-24,Male,International Business and Management,0
670,200,2,0,0,2,0,0,0,0,0,1.94,2.25,3.17,2.67,1,2.75,3.8,3,1.5,3.67,4,1,3,2,1,29,18-24,Male,Medieninformatik,1
699,200,2,0,0,2,1,0,0,0,0,3.06,4.25,3.17,3.33,4.5,4,2.6,3.5,3.5,3.67,5,2,4,2,1,28,18-24,Male,Mechatronic Systems Engineering,0
725,200,2,0,0,2,0,0,0,0,0,1.86,2.75,3,2.33,1,4.25,4.2,3,1.5,4.33,2.5,3,5,2,2,3,18-24,Female,Bioengineering,0
743,200,2,0,0,2,0,1,0,0,0,2.2,2.5,3,2.67,1.5,3.25,4,3,2,3.67,3.5,3,4,2,2,2,18-24,Female,Bio Science and Health,1
770,200,2,0,0,2,0,0,0,0,0,1.74,2.25,2.17,2.67,2,3.75,5,2.5,3,4,4,2,4,2,2,13,18-24,Female,Environment and Energy,1
786,200,2,0,0,1,0,0,0,0,0,2.43,2.75,3.67,4.33,2,3,4.2,4,2.5,4,3.5,3,3,2,2,1,18-24,Female,Agribusiness,0
14,211,2,1,1,2,0,0,0,0,1,2.6,2.5,3.33,3.33,1.5,3,3.8,3.5,2.5,3.33,3.5,2,4,3,2,3,25-34,Female,Bioengineering,0
16,211,2,1,1,2,0,1,0,0,1,2.2,2.5,3.17,3,1,3,4.2,4.5,2.5,2.67,2,4,4,2,2,3,18-24,Female,Bioengineering,0
33,211,2,1,1,2,0,0,0,0,0,1.86,1.5,3,3.67,4,3.75,5,3,1,3.33,1,3,5,3,1,30,25-34,Male,Mobility and Logistics,0
36,211,2,1,1,2,0,1,1,1,0,1.49,2,2.67,3.33,1,3,4.8,3.5,1.5,4.33,4,1,4,4,2,24,35-44,Female,Kindheitspädagogik,1
43,211,2,1,1,2,1,1,0,1,0,2.46,2.25,2.67,3,1.5,3,3.8,3,3,3.33,4,4,4,2,2,19,18-24,Female,International Business Administration,0
65,211,2,1,1,2,1,1,0,1,1,1.86,2,2.67,3,1,3,5,3.5,1.5,4.33,4,1,5,2,1,8,18-24,Male,Communication and Information Engineering,0
70,211,2,1,1,2,0,0,1,0,0,1.91,2.5,2.83,3.33,1,2.25,4.6,3,1.5,4.33,2.5,3,4,2,1,31,18-24,Male,Nachhaltiger Tourismus,1
97,211,2,1,1,2,1,0,0,0,0,1.66,2.5,2.5,3.33,1.5,2.75,5,3,1.5,4,3,2,3,7,4,3,I prefer not to say.,ND,Bioengineering,0
114,211,2,1,1,2,1,1,1,0,0,2.49,2.25,3.5,3.67,3.5,2.75,4,3,2.5,3,3,2,4,2,2,3,18-24,Female,Bioengineering,0
119,211,2,1,1,2,1,0,0,0,0,2.14,1.75,2.83,2.67,4,3.75,3.6,3,3,5,4,1,4,2,2,35,18-24,Female,Sustainable Agriculture,1
150,211,2,1,1,1,1,0,0,0,0,2.89,2.5,3,2.67,3,3,3.2,3.5,3,3.33,3.5,3,4,3,1,26,25-34,Male,Mechanical Engineering B. Sc.,1
168,211,2,1,1,2,1,0,0,1,1,2.03,2.25,2.33,2.67,1.5,4.25,4.6,2.5,3,3.67,3.5,1,5,2,1,28,18-24,Male,Mechatronic Systems Engineering,1
172,211,2,1,1,1,0,1,0,0,0,1.89,2.5,2.5,2.67,1.5,3.75,4.2,3,2,4.33,3.5,1,5,2,2,30,18-24,Female,Mobility and Logistics,1
178,211,2,1,1,2,0,0,0,0,0,1.69,2.5,3,3.33,1,3.5,4,3,1.5,4.67,4,2,4,2,2,32,18-24,Female,Psychologie (Arbeits- und Organisationspsychologie),1
182,211,2,1,1,2,1,1,0,0,0,3.03,2.75,3.17,3.33,1,3.25,2.6,3,3,3,4.5,2,4,2,2,32,18-24,Female,Psychologie (Arbeits- und Organisationspsychologie),1
185,211,2,1,1,2,0,0,0,0,0,2.4,3,2.83,3.67,1,2.75,4.2,2,1.5,3.67,3.5,3,2,2,2,28,18-24,Female,Mechatronic Systems Engineering,0
196,211,2,1,1,2,1,0,0,0,1,2.31,2.75,3.17,4,1,3.5,4.8,4,2.5,4,3,2,4,2,1,26,18-24,Male,Mechanical Engineering B. Sc.,0
207,211,2,1,1,2,1,0,0,0,0,1.51,2.25,2.83,2.33,1.5,2.75,4.8,3,1.5,4.67,2.5,4,4,2,1,3,18-24,Male,Bioengineering,0
221,211,2,1,1,2,1,0,0,1,0,2.29,3.25,2.67,3.33,2.5,3,4.4,2.5,2,3.67,2,3,3,2,1,28,18-24,Male,Mechatronic Systems Engineering,0
223,211,2,1,1,2,1,1,0,0,0,2.63,1.75,3,4,1.5,3.25,3.8,3,3,3,3,3,4,3,1,26,25-34,Male,Mechanical Engineering B. Sc.,0
233,211,2,1,1,1,1,1,1,1,0,2.8,3,3,3.33,3.5,3.5,3.8,3.5,3,3.33,3,4,3,3,1,18,25-34,Male,Information Engineering and Computer Science,0
240,211,2,1,1,2,1,1,1,0,0,3.26,4,3.67,3.67,3.5,3.75,3.2,3,4,3.33,4,5,4,2,2,3,18-24,Female,Bioengineering,0
253,211,2,1,1,2,1,0,0,1,0,2.31,2.25,3.17,3.33,2,3,3.2,2,1.5,3.67,2.5,2,4,3,1,20,25-34,Male,International Business and Management,1
262,211,2,1,1,2,0,0,0,0,0,2.31,3,3.17,4.33,2.5,3,3.6,3.5,2.5,3.67,2,3,4,3,1,22,25-34,Male,International Relations,0
273,211,2,1,1,2,0,0,0,0,0,2,2.25,3.17,3.67,1,3.75,4.8,3,1.5,4.67,3.5,1,3,2,2,2,18-24,Female,Bio Science and Health,1
277,211,2,1,1,2,1,0,0,1,1,1.71,2.75,2.67,2.67,1,3.75,4.6,2.5,1.5,4.33,3,1,3,2,2,3,18-24,Female,Bioengineering,1
282,211,2,1,1,1,1,1,0,0,0,2.2,2,2.5,2.67,1,2.25,4.4,2,1.5,3,2.5,3,3,3,4,26,25-34,ND,Mechanical Engineering B. Sc.,0
292,211,2,1,1,2,1,1,0,0,1,2.31,2.25,3.17,2.67,1,3.25,3.8,4,2.5,3.33,4.5,2,5,3,2,3,25-34,Female,Bioengineering,0
298,211,2,1,1,2,0,1,0,0,1,1.91,2.75,3.33,2.67,1.5,3.5,5,2.5,1.5,4.33,4.5,3,5,2,2,35,18-24,Female,Sustainable Agriculture,1
305,211,2,1,1,2,1,0,0,1,1,2.2,3,3,4,1.5,3.5,4.6,3.5,2.5,4,2.5,2,4,2,1,27,18-24,Male,Mechanical Engineering M. Sc.,0
312,211,2,1,1,2,0,0,0,0,0,2.49,2.75,3.33,4,1.5,2.75,3.8,3,2,3.67,4,2,2,3,1,40,25-34,Male,Don't want to answer the question.,0
330,211,2,1,1,2,0,1,0,1,1,2.74,3.25,4,3.67,1.5,4,4.2,5,3.5,3.33,3,4,5,3,2,10,25-34,Female,Economics and Finance,0
344,211,2,1,1,1,1,1,0,0,0,2.57,3,3.5,3,1.5,3.5,3.6,3,1.5,2,3,2,4,3,2,3,25-34,Female,Bioengineering,0
352,211,2,1,1,1,0,0,0,1,1,2.77,3.75,4.17,2.67,3.5,2.75,4,3.5,3.5,3,4.5,4,3,2,2,3,18-24,Female,Bioengineering,0
386,211,2,1,1,2,0,0,0,1,0,2.03,1.5,4.17,2.67,1.5,3,5,3,1.5,3.33,2.5,4,4,3,1,36,25-34,Male,Sustainable Development Management,0
407,211,2,1,1,2,1,1,0,0,1,2.34,3,2.67,2.67,1.5,3,4,4,1,3.33,4,2,5,2,1,19,18-24,Male,International Business Administration,1
414,211,2,1,1,2,1,0,0,1,0,2.57,3.5,3,4,2.5,3.5,3.8,3.5,2.5,4,3.5,2,5,3,1,7,25-34,Male,Bionics/Biomimetics,0
422,211,2,1,1,2,1,1,1,0,0,1.77,2.25,2.83,2.67,2.5,3.5,4.6,3,2,4.33,4,1,4,2,4,14,18-24,ND,Gender and Diversity,1
438,211,2,1,1,2,1,1,0,1,0,2.17,2.5,3.33,4.67,3.5,3.5,5,3,1.5,3.67,2,4,4,2,1,19,18-24,Male,International Business Administration,0
441,211,2,1,1,1,1,0,0,1,1,2,2.25,3,3,2.5,3.75,4,3,2.5,4.33,2,2,4,3,1,10,25-34,Male,Economics and Finance,0
443,211,2,1,1,1,0,1,0,0,0,1.91,1,2.83,2.67,1,4,4.2,1,4.5,4.33,3.5,1,5,2,1,20,18-24,Male,International Business and Management,0
458,211,2,1,1,2,1,0,1,0,0,1.6,2.5,2.83,2.33,1,3,5,2.5,1.5,5,5,3,5,2,1,1,18-24,Male,Agribusiness,1
473,211,2,1,1,2,0,0,0,0,0,1.8,1.75,2,2.67,1,3,4.8,4.5,1,4.33,3.5,1,4,3,2,35,25-34,Female,Sustainable Agriculture,0
477,211,2,1,1,2,1,1,1,1,1,2.26,3,2.67,3.67,1,2.5,3.6,3,2,4,4,3,3,3,2,35,25-34,Female,Sustainable Agriculture,0
486,211,2,1,1,2,1,0,0,1,0,2.37,2.75,3,3.67,1.5,3,4.2,3,1.5,3.33,2,1,3,3,2,1,25-34,Female,Agribusiness,0
490,211,2,1,1,2,0,0,0,0,0,1.83,2.25,2.33,3,1.5,3.5,4.8,2.5,1.5,4.33,4,2,4,3,2,35,25-34,Female,Sustainable Agriculture,1
500,211,2,1,1,2,0,1,1,1,0,1.8,3,2.67,3.33,1,1.75,4.4,1.5,1.5,4.67,3.5,1,4,2,1,1,18-24,Male,Agribusiness,0
524,211,2,1,1,2,0,0,0,0,0,2.77,2.5,2.83,4.33,3.5,2,4.2,4,4,3.67,2.5,2,3,2,1,28,18-24,Male,Mechatronic Systems Engineering,0
533,211,2,1,1,2,1,1,1,1,0,2.23,3.25,3.83,2.67,1,3.25,4.4,2.5,3.5,4.67,2.5,2,4,2,1,28,18-24,Male,Mechatronic Systems Engineering,0
536,211,2,1,1,2,1,0,0,0,0,3.49,4.75,3.67,4.33,3.5,3.75,3.4,2.5,4,2.33,3.5,4,2,2,1,27,18-24,Male,Mechanical Engineering M. Sc.,0
545,211,2,1,1,2,0,1,1,0,0,1.89,2.5,3,2.33,1.5,4.25,3.6,3,2.5,4.67,3,1,3,3,2,10,25-34,Female,Economics and Finance,1
577,211,2,1,1,2,0,0,1,0,0,2.54,2.5,3.67,3,3,3.25,2.6,4.5,3,4.67,4.5,1,3,3,2,10,25-34,Female,Economics and Finance,1
608,211,2,1,1,2,0,0,0,0,0,2.11,1.5,3,2,1.5,3,4.2,1.5,1.5,4.33,2,1,2,3,1,30,25-34,Male,Mobility and Logistics,0
628,211,2,1,1,2,0,1,0,0,0,2.54,2.75,2.67,2.67,3.5,4,3.2,3,3.5,3.67,4,1,4,2,2,32,18-24,Female,Psychologie (Arbeits- und Organisationspsychologie),1
639,211,2,1,1,2,1,1,1,0,0,2.6,2.5,3,3.33,2.5,3.25,2.2,1,3,2.67,4,1,5,2,1,13,18-24,Male,Environment and Energy,1
647,211,2,1,1,2,1,1,0,1,0,1.94,2.5,3,3.33,2.5,3,5,3,1.5,4.67,3,3,4,3,2,19,25-34,Female,International Business Administration,0
651,211,2,1,1,2,0,1,0,0,0,2.4,2.75,2.83,3.67,2.5,3.75,4,3,2,3.33,2.5,4,4,2,2,30,18-24,Female,Mobility and Logistics,0
664,211,2,1,1,2,0,1,0,0,0,2.03,3,2.67,3.67,2,3,4,3,1.5,4.67,4,1,4,2,1,2,18-24,Male,Bio Science and Health,1
667,211,2,1,1,2,1,0,0,0,0,2.23,2.75,2.33,3,2,2.75,3.8,3,2,3.67,3,2,3,3,2,4,25-34,Female,Biological Resources,0
693,211,2,1,1,2,0,1,0,0,0,1.63,2.25,2.33,3.33,2,3.25,4.2,3,2,4.33,3,1,4,2,2,19,18-24,Female,International Business Administration,1
696,211,2,1,1,2,1,0,0,0,0,2.63,3.25,3.33,4.67,2,3.75,4,3,3,3.67,3,3,4,3,1,27,25-34,Male,Mechanical Engineering M. Sc.,0
700,211,2,1,1,2,0,0,1,0,0,2.4,2.5,3.5,4.33,1.5,3,4.4,2.5,2,3.33,4,2,4,3,1,26,25-34,Male,Mechanical Engineering B. Sc.,0
719,211,2,1,1,2,1,0,0,1,0,2.66,3,2.83,2.33,1.5,3.5,3.6,3.5,2,2.67,3.5,2,4,3,2,17,25-34,Female,Information and Communication Design,0
726,211,2,1,1,2,0,1,0,1,0,2.06,2.25,2.5,3.33,1.5,3,4,3,2,4,4.5,2,4,2,2,13,18-24,Female,Environment and Energy,0
730,211,2,1,1,2,0,0,0,0,0,1.94,2.5,2.83,3.33,3,2.5,4.8,2.5,2,4,4,2,4,5,2,24,45-54,Female,Kindheitspädagogik,0
739,211,2,1,1,2,1,1,1,1,1,2.77,2.25,3,4.33,4.5,3.5,3.6,3,4,4,4.5,4,5,2,1,11,18-24,Male,Electrical and Electronics Engineering,0
747,211,2,1,1,1,1,0,0,0,0,2.4,2.75,3.5,3.67,3.5,3.25,4,3.5,2,4,3,4,4,3,1,19,25-34,Male,International Business Administration,0
772,211,2,1,1,2,0,1,0,0,0,1.94,2.5,3,3.67,1,4,5,3.5,2.5,3.67,3.5,1,5,3,2,19,25-34,Female,International Business Administration,1
780,211,2,1,1,2,1,0,0,1,0,2.2,2,3,4,1.5,2.75,4.6,1.5,1.5,3.33,3.5,3,4,3,2,4,25-34,Female,Biological Resources,0
783,211,2,1,1,1,0,0,0,0,1,1.66,2.75,3,3,2,3,5,2.5,2,5,3,3,4,3,1,4,25-34,Male,Biological Resources,1
35,111,1,1,1,2,0,0,1,0,1,1.51,2.75,2.67,2.33,1,3.5,4.6,3,1,4.67,4,2,4,2,2,32,18-24,Female,Psychologie (Arbeits- und Organisationspsychologie),1
41,111,1,1,1,2,0,1,1,0,0,1.71,2,2.67,3.33,2,2.75,4.6,3,2.5,4.33,3.5,2,5,7,4,40,I prefer not to say.,ND,Don't want to answer the question.,0
47,111,1,1,1,1,0,1,0,0,0,2,2,2.33,2.33,1,2.75,4,3,2,3.33,3.5,2,3,2,1,22,18-24,Male,International Relations,1
55,111,1,1,1,1,0,1,0,0,0,1.91,2.25,2.33,2.33,1,3,4,3,2,4.33,4.5,1,4,2,2,20,18-24,Female,International Business and Management,1
68,111,1,1,1,2,0,1,0,1,1,1.54,2.75,2.83,2.67,1,3.5,5,3,2,4.67,4,1,4,3,1,20,25-34,Male,International Business and Management,1
77,111,1,1,1,2,0,0,0,0,0,2.86,3.25,3.17,3.67,2,2.75,3,3,3,3,3,3,3,3,1,7,25-34,Male,Bionics/Biomimetics,0
85,111,1,1,1,2,1,1,0,0,1,2.14,2.5,3.17,3,1.5,2.75,3.6,2.5,1.5,4.33,2.5,3,4,3,1,7,25-34,Male,Bionics/Biomimetics,0
94,111,1,1,1,1,1,1,0,0,1,1.97,2.5,2.33,2.33,1,2.75,4.6,4.5,2,4.67,4,3,4,3,1,36,25-34,Male,Sustainable Development Management,1
111,111,1,1,1,2,1,1,0,1,1,1.8,3,3.83,2.33,1,4,5,3,2.5,4.67,3.5,1,5,3,1,28,25-34,Male,Mechatronic Systems Engineering,0
118,111,1,1,1,1,0,0,0,1,0,2.83,2.75,3.17,2.67,2.5,2.75,3,2,3,2.67,3.5,1,4,2,1,22,18-24,Male,International Relations,0
130,111,1,1,1,2,0,1,0,0,1,2.43,2.5,2.67,2.33,1.5,2.75,3.8,3,1.5,2.67,3.5,2,3,3,1,16,25-34,Male,Industrial Engineering,0
138,111,1,1,1,1,1,1,0,1,0,1.74,2.25,2.33,3,1,3,5,4.5,2,3.67,3.5,1,4,2,2,32,18-24,Female,Psychologie (Arbeits- und Organisationspsychologie),1
158,111,1,1,1,1,1,1,1,1,1,2.03,1.5,2.83,4.33,1,4,3.2,4,1.5,5,3.5,1,5,2,1,32,18-24,Male,Psychologie (Arbeits- und Organisationspsychologie),1
167,111,1,1,1,2,0,0,0,0,0,2.83,3.5,3.83,4,3.5,3.25,3.6,3.5,4,4,4.5,4,4,2,2,4,18-24,Female,Biological Resources,0
174,111,1,1,1,2,1,0,1,0,0,2.43,2.75,2.5,2.67,2.5,3.25,3.6,2.5,2,4,4,2,4,2,1,19,18-24,Male,International Business Administration,1
186,111,1,1,1,2,1,1,1,0,1,1.66,2.75,3,3,1.5,3.5,5,3,2,4.33,4.5,2,4,2,2,24,18-24,Female,Kindheitspädagogik,1
197,111,1,1,1,2,0,0,0,0,0,2.8,2,2.67,3.67,3,3.5,3.4,2.5,3,3.33,4,4,3,2,2,32,18-24,Female,Psychologie (Arbeits- und Organisationspsychologie),1
210,111,1,1,1,1,0,0,0,0,0,2.09,1.75,3,2.67,1.5,4,3.8,4,2,4.33,3,1,4,2,2,32,18-24,Female,Psychologie (Arbeits- und Organisationspsychologie),1
217,111,1,1,1,1,0,1,0,1,0,2.23,2.75,3.67,3,1.5,2.75,4.2,3.5,2,3.67,3.5,1,3,2,2,22,18-24,Female,International Relations,1
226,111,1,1,1,2,0,1,0,0,0,3.14,3.75,3.33,4,1,3.75,3.8,3,3,2,2.5,3,3,2,1,28,18-24,Male,Mechatronic Systems Engineering,0
241,111,1,1,1,2,1,1,0,0,0,2.29,2.75,3.17,3.67,1.5,3.25,4.2,3,2.5,3.67,3,2,4,2,2,18,18-24,Female,Information Engineering and Computer Science,0
249,111,1,1,1,1,0,0,0,0,0,2.03,2.5,2.33,2,1,3.25,3.6,2,1.5,3.67,2.5,1,4,2,2,3,18-24,Female,Bioengineering,1
257,111,1,1,1,1,1,1,0,1,1,2.54,3,3.67,3,3.5,3,4,3,2,2.67,3,2,3,3,1,8,25-34,Male,Communication and Information Engineering,0
271,111,1,1,1,1,1,1,0,1,0,2.26,2.25,2.83,3.33,1.5,2.75,4.6,4,2.5,3.33,3,4,5,2,1,27,18-24,Male,Mechanical Engineering M. Sc.,0
288,111,1,1,1,1,1,0,0,0,0,2.2,2.5,2.67,3,1.5,2.75,4.2,3,2.5,3.33,2.5,2,3,3,2,4,25-34,Female,Biological Resources,0
301,111,1,1,1,1,0,0,1,0,0,1.66,2.25,2,1.67,1,3,5,2.5,1.5,5,2,1,3,2,2,24,18-24,Female,Kindheitspädagogik,1
304,111,1,1,1,1,1,0,0,0,0,2.2,3.25,3.67,3.67,2.5,2.75,4.8,3,3,4,4,3,4,3,1,26,25-34,Male,Mechanical Engineering B. Sc.,0
313,111,1,1,1,2,1,0,0,0,0,1.74,2.5,3.17,3,1,4,5,2.5,2,5,4.5,1,4,2,2,22,18-24,Female,International Relations,1
318,111,1,1,1,1,1,0,0,1,1,2.49,2.25,3.33,4,1.5,3.75,3.6,3,2,2.67,4,2,4,3,1,30,25-34,Male,Mobility and Logistics,0
326,111,1,1,1,2,1,0,1,0,1,3,3.5,3.33,3,4.5,3.25,3.8,3.5,2.5,2.67,4,2,3,1,1,1,Under 18,Male,Agribusiness,1
346,111,1,1,1,1,1,0,1,1,0,1.83,1.75,2.5,2.33,2,2,4.6,2.5,1,4.33,4.5,2,5,4,1,40,35-44,Male,Don't want to answer the question.,1
358,111,1,1,1,1,0,0,0,0,0,2.83,2.75,3.33,3.67,3,2.5,3.4,3.5,3,2.67,3,2,3,2,1,11,18-24,Male,Electrical and Electronics Engineering,0
362,111,1,1,1,2,0,1,0,0,0,2.37,3,3.33,3.67,1.5,3,4.6,4,2,3,3.5,3,5,2,2,13,18-24,Female,Environment and Energy,0
374,111,1,1,1,1,1,1,1,0,1,1.89,2.25,2.83,2.67,2.5,1.75,4,3,1,2.67,2,1,3,2,1,23,18-24,Male,International Taxation and Law,0
380,111,1,1,1,2,0,0,1,0,0,2.03,2.5,3.17,3.33,1,3.25,4.4,3,1.5,4.33,3.5,2,2,2,1,26,18-24,Male,Mechanical Engineering B. Sc.,1
384,111,1,1,1,1,0,0,0,0,0,2.4,2.5,2.67,3.67,2.5,3.5,3.4,3.5,1.5,3,3,3,3,3,2,19,25-34,Female,International Business Administration,0
389,111,1,1,1,1,0,1,0,0,0,2.17,2.5,2,3.33,1.5,3,4,2.5,1.5,4,4,2,3,2,2,29,18-24,Female,Medieninformatik,1
399,111,1,1,1,1,0,0,1,1,0,1.83,2.5,2.83,3,1,4,4.4,4,1.5,4,4,1,4,3,2,9,25-34,Female,Digital Media,1
455,111,1,1,1,1,0,0,0,1,0,2.26,1.5,2.83,3.33,1.5,3.25,2.4,3.5,2.5,3,4,4,5,3,1,30,25-34,Male,Mobility and Logistics,0
463,111,1,1,1,1,1,0,0,0,0,2.49,2.75,3.17,3.67,2.5,3.25,3.8,3.5,2,3.67,3,4,3,2,1,17,18-24,Male,Information and Communication Design,0
480,111,1,1,1,1,0,0,0,0,0,1.63,2.75,2.17,4,1,2,5,3,2,4.33,2.5,3,3,3,1,26,25-34,Male,Mechanical Engineering B. Sc.,0
488,111,1,1,1,1,1,1,0,1,0,1.91,1.75,2.17,3.33,1,2.75,4.6,2.5,1.5,4,3.5,2,4,2,1,13,18-24,Male,Environment and Energy,0
492,111,1,1,1,1,1,0,0,1,0,2.63,3.25,2.5,2.33,3.5,3.75,4.4,3,2.5,3,3.5,2,4,2,2,3,18-24,Female,Bioengineering,0
502,111,1,1,1,1,0,0,0,0,1,2.31,2.75,2.83,3,1.5,3,4,3,2,3.33,3.5,3,3,2,1,31,18-24,Male,Nachhaltiger Tourismus,1
512,111,1,1,1,2,1,1,1,0,0,2,2.75,3.83,2,1,3,4,2.5,2.5,4.67,4,1,5,2,1,19,18-24,Male,International Business Administration,1
520,111,1,1,1,1,1,0,0,1,0,2.26,2.5,4,3.33,2.5,2.75,3.6,3,2,4,2.5,4,4,4,2,35,35-44,Female,Sustainable Agriculture,0
529,111,1,1,1,2,0,1,0,0,0,2.6,3,2.83,4.67,2,4.25,4.8,4.5,4,2.33,4,2,5,3,2,20,25-34,Female,International Business and Management,1
534,111,1,1,1,1,1,0,0,0,0,2.71,3.75,3.33,3.67,4,3.25,3.4,3.5,2.5,3,3,4,4,2,2,8,18-24,Female,Communication and Information Engineering,0
553,111,1,1,1,1,0,0,1,1,0,2.11,3,3,2.33,3,3,4.2,2.5,2,4.33,3.5,3,4,3,1,16,25-34,Male,Industrial Engineering,0
574,111,1,1,1,1,1,0,1,0,0,2.03,2.5,2.67,3.67,1.5,3.25,4.8,4.5,2,3.67,4,2,4,3,2,7,25-34,Female,Bionics/Biomimetics,0
588,111,1,1,1,1,0,0,0,0,0,1.97,2.5,3.5,4,1.5,2.5,4.8,3,1.5,4.33,3.5,2,4,3,2,28,25-34,Female,Mechatronic Systems Engineering,0
592,111,1,1,1,1,0,1,1,0,0,2,2.25,2.5,2.33,2,3.75,4,3,2,3.33,4,1,5,3,1,22,25-34,Male,International Relations,1
630,111,1,1,1,2,0,0,0,0,0,2.03,2.25,2.33,3.33,1,2.75,4.6,3,2,3,2.5,1,3,3,1,7,25-34,Male,Bionics/Biomimetics,0
634,111,1,1,1,1,1,1,0,0,0,2.8,2.5,2.83,3,3,3.75,3.6,3.5,3,3.67,2.5,4,4,2,4,20,18-24,ND,International Business and Management,0
652,111,1,1,1,1,1,1,1,0,0,1.6,2.5,2.17,3.33,1,2.75,5,3,1.5,4.33,3.5,2,4,2,2,22,18-24,Female,International Relations,1
657,111,1,1,1,1,1,1,0,0,0,1.63,2.5,2.5,3,1.5,3,5,3.5,1,3.67,3,3,4,3,2,14,25-34,Female,Gender and Diversity,0
669,111,1,1,1,1,0,1,0,0,0,1.97,2.5,2.5,4,1,2.5,4.8,2.5,1.5,4.33,2.5,3,3,3,2,36,25-34,Female,Sustainable Development Management,1
684,111,1,1,1,2,0,0,0,0,0,2.26,2.75,3,3.33,3,3.25,4.6,3.5,2.5,4.33,4,2,3,2,2,31,18-24,Female,Nachhaltiger Tourismus,1
697,111,1,1,1,1,0,0,0,0,0,2.57,2.75,2.83,2.67,2.5,4,3.6,2.5,3.5,3.67,4.5,1,4,2,1,22,18-24,Male,International Relations,0
703,111,1,1,1,1,1,1,1,1,1,2.71,3.25,3.5,2.67,3,3.25,3.2,2.5,3,3.67,3,2,4,2,2,33,18-24,Female,"Qualität, Umwelt, Sicherheit und Hygiene",1
718,111,1,1,1,1,1,0,0,0,0,1.91,2.75,2.83,3,1,3.25,4.8,3,1.5,4,4,1,3,2,2,31,18-24,Female,Nachhaltiger Tourismus,1
757,111,1,1,1,1,0,1,0,0,0,1.97,2.5,2.83,2.67,1.5,3.75,4.4,3,1.5,4,4,1,4,2,2,31,18-24,Female,Nachhaltiger Tourismus,1
775,111,1,1,1,1,1,0,1,1,0,2.71,3.5,3,2.33,4,3.75,3.8,4.5,2.5,2.67,4.5,2,5,2,1,32,18-24,Male,Psychologie (Arbeits- und Organisationspsychologie),1
785,111,1,1,1,1,0,0,0,0,0,2.71,2.75,3,3.33,1.5,3.25,1.8,2.5,2.5,3.33,2,2,3,2,1,28,18-24,Male,Mechatronic Systems Engineering,0
21,101,1,0,1,1,1,1,0,0,0,2.14,2.5,2.67,3.67,2,2.75,4.6,3.5,1.5,4,3,4,4,2,2,8,18-24,Female,Communication and Information Engineering,0
52,101,1,0,1,2,1,0,0,0,1,1.2,2.25,2.17,1.67,1,2.75,5,3,1,5,3.5,2,5,7,4,14,I prefer not to say.,ND,Gender and Diversity,1
67,101,1,0,1,1,1,1,1,0,1,2.57,2.5,2.83,2.33,2.5,3.5,4.2,4.5,3,3.67,2,2,4,2,1,22,18-24,Male,International Relations,0
75,101,1,0,1,1,0,0,0,0,1,1.57,2.25,2.33,3,1,2,5,4,1,4.67,3.5,2,5,2,2,24,18-24,Female,Kindheitspädagogik,1
93,101,1,0,1,2,1,0,0,0,0,1.71,2.75,2.83,3,1,3.75,4.8,3,3,4.33,3.5,3,5,3,1,27,25-34,Male,Mechanical Engineering M. Sc.,0
102,101,1,0,1,2,0,0,0,1,0,1.66,2.25,2.5,3.33,1,2.75,5,2.5,1.5,4,3,1,3,3,2,4,25-34,Female,Biological Resources,1
105,101,1,0,1,1,0,0,0,0,0,2.06,3,2.5,3.67,1,2.75,4.8,2.5,1,4.33,4,3,4,2,1,38,18-24,Male,Verwaltungsinformatik - E-Government,1
109,101,1,0,1,1,0,0,1,0,0,2.2,2.75,3.33,3,2,3.25,4,2.5,3,4.33,4,2,4,3,1,21,25-34,Male,International Management and Psychology,1
112,101,1,0,1,2,1,0,0,0,1,2.29,2.75,3.5,3.67,1.5,3.25,4,3,2,4,4,3,4,3,1,27,25-34,Male,Mechanical Engineering M. Sc.,0
124,101,1,0,1,1,1,0,0,0,0,1.83,2.25,2.5,2.33,1,3.25,4,3,1.5,4.33,4,1,5,2,2,22,18-24,Female,International Relations,1
139,101,1,0,1,2,1,0,0,0,1,1.83,3,2.5,3,1,3.5,4.8,3,1.5,3.67,4.5,3,4,2,2,31,18-24,Female,Nachhaltiger Tourismus,1
149,101,1,0,1,1,1,1,0,1,0,2.14,2.75,2.83,3.33,1.5,3.75,4.6,3,3.5,3.67,4,1,3,3,2,3,25-34,Female,Bioengineering,0
157,101,1,0,1,2,0,1,0,0,1,2.83,3.25,3.67,3.67,3.5,2.5,4.2,3.5,3.5,3.33,3.5,4,4,3,2,14,25-34,Female,Gender and Diversity,0
162,101,1,0,1,1,0,1,0,0,0,2.06,3,3,3,2,3.25,4,3,2,4,4.5,2,5,2,2,22,18-24,Female,International Relations,1
191,101,1,0,1,2,0,1,0,1,1,3.23,2.75,2.67,3,3.5,3.5,3,4,3.5,3,3.5,4,4,2,1,28,18-24,Male,Mechatronic Systems Engineering,0
239,101,1,0,1,1,1,0,0,1,0,2.46,3,3.17,3.67,3,3.75,4.2,3,2,4.33,3.5,4,4,3,1,18,25-34,Male,Information Engineering and Computer Science,0
252,101,1,0,1,2,1,1,0,0,0,2.91,3.25,3.5,2.67,2.5,3.25,4,3.5,3.5,2.67,3.5,3,4,2,4,3,18-24,ND,Bioengineering,0
269,101,1,0,1,2,0,0,0,1,1,1.91,2.75,2.67,3.67,1,3.5,5,4,2,4.33,3.5,1,5,2,2,31,18-24,Female,Nachhaltiger Tourismus,1
283,101,1,0,1,2,1,1,1,1,1,2.11,2.75,2.5,2.67,2,3.25,4.2,3,2.5,4.67,2.5,2,4,2,2,22,18-24,Female,International Relations,1
289,101,1,0,1,1,1,1,1,1,1,1.86,2.5,2.33,2.33,1,3.5,4.6,3,1.5,4.67,3.5,2,3,2,2,31,18-24,Female,Nachhaltiger Tourismus,1
310,101,1,0,1,1,1,0,0,0,0,2.29,2.5,3,4,2.5,3.5,4.2,3.5,2.5,3.67,2.5,3,3,2,4,4,18-24,ND,Biological Resources,0
317,101,1,0,1,1,1,0,0,1,1,2.26,2.25,3.17,2.67,4.5,4.25,4.2,2.5,2,3.33,3.5,1,3,2,2,29,18-24,Female,Medieninformatik,1
335,101,1,0,1,2,1,0,1,0,0,1.29,2,2.67,2.67,1,3,5,3,1,4.67,3.5,1,4,3,2,39,25-34,Female,None of that,1
341,101,1,0,1,1,0,0,0,0,0,2,2.25,2.83,3.33,2,3.75,4.4,3.5,3.5,4,3,1,4,2,4,10,18-24,ND,Economics and Finance,0
348,101,1,0,1,1,1,0,0,0,0,2.23,3,3.33,4,2.5,3,4.4,2,2,4,3,2,3,2,2,35,18-24,Female,Sustainable Agriculture,1
353,101,1,0,1,2,0,0,0,0,0,2.71,3,3.33,4,2.5,3.75,3.6,3.5,3,4,3,2,4,2,1,26,18-24,Male,Mechanical Engineering B. Sc.,0
360,101,1,0,1,2,0,1,1,1,1,1.8,2.75,2.83,2.33,2.5,3.75,4.6,3.5,1,4.33,3.5,2,4,2,2,3,18-24,Female,Bioengineering,1
370,101,1,0,1,2,1,1,1,0,0,1.91,2.5,2.33,2.67,1,3.25,4.2,2.5,1.5,4.33,2.5,2,3,2,2,26,18-24,Female,Mechanical Engineering B. Sc.,0
371,101,1,0,1,2,1,1,0,1,0,2.17,2.5,2.67,2.67,1.5,2.5,3.8,2.5,1.5,3,3,1,4,2,2,22,18-24,Female,International Relations,0
388,101,1,0,1,2,0,0,0,0,0,2.69,3,2.67,4.67,2,2.25,3.8,3,2,4,3.5,3,4,3,1,8,25-34,Male,Communication and Information Engineering,1
396,101,1,0,1,1,1,1,0,1,1,2.57,2.5,3.33,3,4.5,2.75,4.2,2.5,2.5,3.67,1.5,4,4,2,2,3,18-24,Female,Bioengineering,0
400,101,1,0,1,2,1,0,0,1,1,2.49,2.75,3.17,3.67,3.5,4,3.6,3,3,4,2.5,4,4,2,1,26,18-24,Male,Mechanical Engineering B. Sc.,0
412,101,1,0,1,1,0,1,0,1,0,2.11,2.5,2.67,3,1.5,3,4.2,2.5,2,3.67,3.5,3,5,3,2,9,25-34,Female,Digital Media,0
418,101,1,0,1,1,1,1,0,0,0,2.09,2.75,2.67,2.67,1,3.75,4,3.5,2.5,4,3.5,1,5,2,2,31,18-24,Female,Nachhaltiger Tourismus,1
426,101,1,0,1,2,0,0,0,0,1,2.63,2.5,2.5,3.33,2,3.75,3.8,2.5,2,3.33,3.5,3,2,3,1,5,25-34,Male,Biomaterials Science,0
430,101,1,0,1,1,0,1,0,1,1,2.49,2.25,2.67,3.33,2.5,3,3.8,3,2.5,2.67,2.5,3,3,4,1,10,35-44,Male,Economics and Finance,0
434,101,1,0,1,2,0,0,0,0,0,1.74,2.75,2,3.33,2,3,5,2,1.5,3.67,5,1,4,4,2,31,35-44,Female,Nachhaltiger Tourismus,1
435,101,1,0,1,1,1,1,1,1,1,2.17,2.75,2.83,2.33,1,2.5,4,3.5,2.5,4.67,3,4,1,2,1,32,18-24,Male,Psychologie (Arbeits- und Organisationspsychologie),1
447,101,1,0,1,2,0,0,1,0,1,2.49,2.25,3,3.33,1.5,3,3.8,4.5,2,3.67,4.5,2,5,2,1,11,18-24,Male,Electrical and Electronics Engineering,1
453,101,1,0,1,2,0,1,0,0,0,1.77,3.25,2.33,3.67,1,3.25,4.8,2,2,4.67,3.5,1,5,2,1,28,18-24,Male,Mechatronic Systems Engineering,0
459,101,1,0,1,2,1,1,0,1,0,2.09,2.25,2.5,2.67,3,3.5,4,3,1,4,3.5,2,4,2,1,22,18-24,Male,International Relations,0
472,101,1,0,1,2,0,0,1,0,0,2,3,2.67,3,1.5,3.25,5,3.5,2.5,3.33,4.5,2,5,3,1,38,25-34,Male,Verwaltungsinformatik - E-Government,1
485,101,1,0,1,1,1,1,0,0,0,2.26,2.25,3.5,3,3,4,5,3,4,3.33,4.5,1,5,2,2,23,18-24,Female,International Taxation and Law,1
493,101,1,0,1,1,1,1,0,0,1,2,2.5,2.5,3,1,3.5,3.8,3,2.5,3.67,2.5,2,4,2,1,31,18-24,Male,Nachhaltiger Tourismus,1
501,101,1,0,1,2,0,0,0,1,1,1.57,2.5,2.17,2.67,1,3.25,5,2.5,1.5,4.67,3.5,1,4,2,2,31,18-24,Female,Nachhaltiger Tourismus,1
518,101,1,0,1,1,1,0,1,0,1,2.26,2.75,2.83,2.33,2.5,2.5,4,3,2,3.33,3.5,4,4,3,1,20,25-34,Male,International Business and Management,0
527,101,1,0,1,1,1,1,0,0,1,2.26,2.75,3.33,3,1.5,3.5,3.8,3.5,2,3.67,3.5,1,5,2,2,3,18-24,Female,Bioengineering,0
547,101,1,0,1,2,0,0,0,1,0,2,2.5,2.5,3.67,1.5,2.75,4,3,1.5,4,3,3,2,2,1,26,18-24,Male,Mechanical Engineering B. Sc.,0
554,101,1,0,1,1,0,1,0,0,0,2.63,3,3.33,3.67,2,3.5,3.4,2.5,2,4,3,3,4,2,2,2,18-24,Female,Bio Science and Health,1
557,101,1,0,1,2,1,0,0,0,1,1.8,2.5,3,2.67,1.5,3.25,4.4,2.5,1.5,4.33,3.5,2,3,3,2,32,25-34,Female,Psychologie (Arbeits- und Organisationspsychologie),1
563,101,1,0,1,1,1,0,1,1,0,2,2.25,2.5,3,1.5,2,4.4,3,1.5,4,3.5,2,4,2,2,19,18-24,Female,International Business Administration,0
583,101,1,0,1,2,0,1,1,0,0,2.11,1.5,2.5,2.33,1,3,3.4,2,1,4,2.5,4,4,2,1,3,18-24,Male,Bioengineering,0
602,101,1,0,1,1,1,1,1,0,1,2.17,2.75,2.67,4,1,3.5,3.8,3,1.5,4,4,2,5,2,2,8,18-24,Female,Communication and Information Engineering,0
619,101,1,0,1,2,0,1,1,1,1,1.49,2,2,2.67,1,3.25,4.8,2,2,5,1.5,1,4,3,2,14,25-34,Female,Gender and Diversity,1
636,101,1,0,1,1,0,0,0,1,0,2.51,2.5,3.83,4,1,2.25,4.6,3,3,3,2,2,4,2,1,8,18-24,Male,Communication and Information Engineering,0
643,101,1,0,1,2,0,0,0,0,0,2.57,3.5,2.83,3,2,3.5,3.8,3,3,3.67,3,3,3,3,1,26,25-34,Male,Mechanical Engineering B. Sc.,0
665,101,1,0,1,1,0,0,0,0,0,2.2,2.25,2.83,2.67,4,3.5,3.8,2.5,3,4.67,4.5,2,4,2,2,35,18-24,Female,Sustainable Agriculture,1
672,101,1,0,1,2,0,0,0,0,0,2.37,2.75,2.5,3,1,2.5,3.6,3,1,3.33,3,3,3,2,2,19,18-24,Female,International Business Administration,0
677,101,1,0,1,2,1,0,1,0,0,1.8,2.5,2.5,2.67,1.5,3.25,4.6,2.5,1.5,3.67,4,2,4,3,2,36,25-34,Female,Sustainable Development Management,1
706,101,1,0,1,1,1,1,0,0,0,1.8,2.5,2.17,2.67,1.5,3,4.6,5,1.5,4.33,3,2,4,2,2,25,18-24,Female,Lebensmittelwissenschaften,1
710,101,1,0,1,1,0,1,1,1,1,1.71,2.75,2.83,2.67,1,3.5,5,2.5,3,4.67,4,2,4,2,2,34,18-24,Female,Science Communication and Bionics,1
723,101,1,0,1,2,0,1,0,0,0,2.91,2.75,2.83,3,2.5,3,2.8,3,3,3.67,3.5,2,2,3,1,40,25-34,Male,Don't want to answer the question.,1
745,101,1,0,1,2,1,0,0,0,0,1.86,2.75,2.67,2.67,1.5,2.75,4.6,2.5,2,4,2.5,2,5,2,1,19,18-24,Male,International Business Administration,1
760,101,1,0,1,1,0,1,0,0,0,1.66,2.5,2.83,2.33,1.5,3,4.6,2.5,2,4.33,4,1,5,2,3,14,18-24,Other,Gender and Diversity,1
768,101,1,0,1,1,1,1,1,1,1,2.34,2.25,2.67,2.67,1.5,3.25,4,2.5,1.5,3.33,4,2,3,3,2,31,25-34,Female,Nachhaltiger Tourismus,1
778,101,1,0,1,2,1,1,1,1,0,1.83,2.75,3.5,3,1,3,5,3,3,4.33,2,2,3,2,1,28,18-24,Male,Mechatronic Systems Engineering,0
788,101,1,0,1,2,0,0,1,0,1,1.89,2.75,3.33,3.33,1.5,3.25,5,3,2,4.33,3,2,5,3,2,4,25-34,Female,Biological Resources,1
18,201,2,0,1,1,0,0,0,0,0,2.89,3,3.33,3.67,2,3.5,3.4,3.5,2.5,2.67,3.5,4,2,2,1,26,18-24,Male,Mechanical Engineering B. Sc.,0
23,201,2,0,1,2,0,0,1,0,0,1.51,2.25,2.67,2.67,1,2.5,5,2.5,1.5,4.33,3.5,1,2,3,2,27,25-34,Female,Mechanical Engineering M. Sc.,1
29,201,2,0,1,1,1,1,1,1,0,3.97,3.5,3.33,3.33,4.5,3,2.2,3,4,2,3.5,4,2,2,1,23,18-24,Male,International Taxation and Law,0
38,201,2,0,1,2,1,1,1,0,1,2.23,2,2.5,3.33,2,3,4.2,4,2.5,3.33,3,3,4,3,1,28,25-34,Male,Mechatronic Systems Engineering,0
54,201,2,0,1,2,1,0,0,1,1,2.2,2.5,2.67,2.67,1.5,3.25,4.2,2.5,2.5,4.33,3.5,2,2,2,2,21,18-24,Female,International Management and Psychology,1
87,201,2,0,1,1,0,0,0,0,0,1.83,2.25,2.83,3.33,2,3,4.6,2,1.5,4.33,3.5,1,5,2,2,14,18-24,Female,Gender and Diversity,0
98,201,2,0,1,2,1,0,0,0,0,2.2,3,3.17,3.33,1,1.5,4.6,3.5,2.5,3.33,3,2,5,3,1,26,25-34,Male,Mechanical Engineering B. Sc.,0
115,201,2,0,1,1,1,0,0,0,0,2.17,1.75,3.33,4,1.5,2.75,4,3,1.5,4,2,3,3,3,1,10,25-34,Male,Economics and Finance,0
127,201,2,0,1,2,0,0,0,0,1,2.6,3,3.5,4,3.5,2.75,3.8,3,2,3.67,3,3,3,2,1,10,18-24,Male,Economics and Finance,0
142,201,2,0,1,2,0,0,0,0,0,2.54,2.75,2.83,3.67,2,3.25,3.8,2.5,2,4,4,3,4,2,4,16,18-24,ND,Industrial Engineering,0
148,201,2,0,1,1,1,1,0,0,1,2.89,3.25,3.17,3.67,3,4,3.6,3,2.5,3.67,4,4,4,2,1,16,18-24,Male,Industrial Engineering,0
155,201,2,0,1,2,0,0,0,0,0,2.86,3.5,4.5,4.67,4.5,4,4.8,4,3,4.33,3.5,4,4,2,2,13,18-24,Female,Environment and Energy,0
159,201,2,0,1,2,1,1,0,0,1,2.03,2.75,2.83,3,2,3.75,4.4,3,2,4.33,4,2,4,2,2,1,18-24,Female,Agribusiness,1
171,201,2,0,1,1,1,0,1,0,1,2.11,2.25,2,2,1,1.5,4.4,2.5,2.5,2,4,1,4,7,1,40,I prefer not to say.,Male,Don't want to answer the question.,1
204,201,2,0,1,2,1,1,0,1,0,2.6,2.75,2.67,3.67,2,3.25,3.2,2.5,4,3,3,1,5,2,1,26,18-24,Male,Mechanical Engineering B. Sc.,1
220,201,2,0,1,2,0,0,0,0,0,2.71,1.75,3.5,2.67,3.5,3.75,3.2,2.5,3.5,2.33,4,4,4,3,1,40,25-34,Male,Don't want to answer the question.,0
227,201,2,0,1,2,1,1,0,0,0,2.6,3,3.17,3.67,1.5,4,4,2.5,1.5,2.67,2.5,3,4,3,1,36,25-34,Male,Sustainable Development Management,0
232,201,2,0,1,2,1,1,1,1,1,1.51,2.5,3.17,2.33,1,3,5,2.5,1.5,4.33,4.5,1,5,4,4,39,35-44,ND,None of that,1
236,201,2,0,1,2,0,0,0,1,1,2.11,2.5,3.17,3,2,3.5,4.6,2.5,2,4,4,2,4,4,1,38,35-44,Male,Verwaltungsinformatik - E-Government,1
245,201,2,0,1,2,0,1,0,0,0,2.06,2.75,3,2.67,1.5,3.25,4,4,1.5,4,4,1,5,2,1,2,18-24,Male,Bio Science and Health,1
247,201,2,0,1,1,1,0,0,1,1,2.86,3.75,3.33,4,3,3.75,4,3,4,3.33,2.5,2,3,3,1,27,25-34,Male,Mechanical Engineering M. Sc.,0
255,201,2,0,1,2,1,1,1,1,0,1.4,2,2.67,2.33,1,2.5,4.4,3,1,5,4.5,1,5,3,1,29,25-34,Male,Medieninformatik,1
275,201,2,0,1,2,1,1,1,0,1,2.14,2,2.83,3,1,3.75,4.6,3.5,1.5,2.33,3,2,4,2,1,22,18-24,Male,International Relations,0
294,201,2,0,1,2,1,1,0,0,0,1.37,1.75,2.33,3.33,1,3,5,3,1,4.67,2,1,3,3,1,26,25-34,Male,Mechanical Engineering B. Sc.,0
328,201,2,0,1,1,0,0,1,0,0,2.51,2.75,2.83,3.33,2,2.75,3.8,4,2.5,3,4,2,4,4,1,28,35-44,Male,Mechatronic Systems Engineering,1
364,201,2,0,1,2,1,1,1,0,1,1.94,2.5,2.67,2.33,1,3.75,4.4,2.5,2,4,3,1,4,2,2,20,18-24,Female,International Business and Management,1
375,201,2,0,1,1,1,0,0,0,0,2.46,2.25,3.17,4,1.5,2.75,4,3,2,2.67,2,3,3,2,1,28,18-24,Male,Mechatronic Systems Engineering,0
379,201,2,0,1,2,0,0,0,1,0,2.69,2.25,3.33,3,2.5,2.75,2.6,3.5,2,3.33,4,4,4,2,1,27,18-24,Male,Mechanical Engineering M. Sc.,0
392,201,2,0,1,2,1,1,0,1,1,2,2.5,3,2.33,1,2.5,4.4,2.5,1.5,3.33,3,1,4,2,2,8,18-24,Female,Communication and Information Engineering,0
401,201,2,0,1,2,0,0,0,1,0,1.57,2.5,2.67,2.67,2,2.75,4.8,2.5,2,4.67,4.5,2,4,3,2,5,25-34,Female,Biomaterials Science,1
413,201,2,0,1,2,1,1,1,0,0,1.89,2.5,2.17,3.33,1.5,2.75,3.6,1.5,1.5,4.33,1.5,2,5,2,1,5,18-24,Male,Biomaterials Science,0
428,201,2,0,1,2,0,0,0,0,0,2.31,3.25,3,4.33,2,3.75,5,3.5,1.5,2,3.5,1,5,2,2,3,18-24,Female,Bioengineering,0
457,201,2,0,1,2,0,1,1,1,1,2.11,2.5,3.33,3,1.5,3,4,3,2,3.67,2.5,2,4,3,1,10,25-34,Male,Economics and Finance,0
464,201,2,0,1,2,0,1,0,0,0,2.2,2.75,2.83,2.67,1.5,3,4.2,3,1.5,3.67,3,3,4,2,1,20,18-24,Male,International Business and Management,0
467,201,2,0,1,2,0,0,0,1,0,2.37,2.25,3.17,2,3,3.25,3.2,3,2,2.67,3,4,4,2,2,17,18-24,Female,Information and Communication Design,0
483,201,2,0,1,2,0,0,0,0,0,1.57,2.25,2.5,3,1,3.75,5,2.5,2,4.67,4,2,3,2,2,14,18-24,Female,Gender and Diversity,1
489,201,2,0,1,2,0,0,1,1,1,2.57,3.25,3.17,2.33,4,3,4.2,3.5,2,4,4,2,5,2,1,20,18-24,Male,International Business and Management,1
505,201,2,0,1,2,1,0,0,1,1,2.03,2,2.33,3,1,3,4,2.5,2,3.33,3,3,4,2,2,28,18-24,Female,Mechatronic Systems Engineering,0
507,201,2,0,1,2,1,1,0,0,0,2.51,4,4.17,3.33,3.5,3.5,3.8,2,2.5,4.67,3,3,5,3,1,1,25-34,Male,Agribusiness,0
525,201,2,0,1,2,0,1,0,0,1,1.71,2.5,2.67,3,1,3.5,5,3,2,4.67,2.5,1,4,3,2,20,25-34,Female,International Business and Management,0
544,201,2,0,1,2,0,0,0,1,0,2.14,3,3.17,3,1.5,3.25,4.8,3.5,1.5,3,3,3,5,2,2,22,18-24,Female,International Relations,0
551,201,2,0,1,1,0,1,1,0,0,2.94,2.5,3.17,3,4,3.5,3.2,2,3.5,3.67,3.5,2,4,2,2,19,18-24,Female,International Business Administration,1
573,201,2,0,1,2,0,0,0,0,0,2.43,2.75,3.5,3.33,2,3.75,4,2.5,2,3.33,2,3,4,2,1,28,18-24,Male,Mechatronic Systems Engineering,0
578,201,2,0,1,2,1,0,0,1,0,1.94,2.25,2.5,3,1.5,3.75,4.4,5,1.5,4,3.5,2,5,2,2,32,18-24,Female,Psychologie (Arbeits- und Organisationspsychologie),1
593,201,2,0,1,2,0,1,0,0,0,1.8,2.25,2.83,3.67,1,2.25,4.8,3.5,1,4.67,4.5,2,5,2,2,20,18-24,Female,International Business and Management,0
601,201,2,0,1,2,0,0,0,0,0,1.71,2,3.17,2.67,1,3,4.8,4.5,1,3.67,3.5,2,4,2,2,22,18-24,Female,International Relations,1
609,201,2,0,1,2,0,0,0,0,0,1.86,2.75,2.67,3,2.5,3.5,4.8,3,2.5,4.67,5,1,4,2,1,26,18-24,Male,Mechanical Engineering B. Sc.,1
614,201,2,0,1,2,1,1,0,0,1,2.31,2.75,2.83,3.67,2,3.5,4.4,3,2.5,4,3,2,5,3,1,22,25-34,Male,International Relations,1
618,201,2,0,1,2,1,1,0,1,1,2.49,2.25,3,3.67,1,2.75,4.2,2.5,1.5,3.67,2.5,3,4,3,1,28,25-34,Male,Mechatronic Systems Engineering,0
622,201,2,0,1,2,0,0,0,1,0,1.66,2.25,2.67,2.67,1.5,2.25,5,3.5,1.5,4,3,1,5,2,1,26,18-24,Male,Mechanical Engineering B. Sc.,0
626,201,2,0,1,2,0,0,0,0,1,2.69,3.75,3.83,4.67,3,3.75,4.2,2,3,4,3.5,4,5,2,2,19,18-24,Female,International Business Administration,1
645,201,2,0,1,2,0,0,0,1,0,2.66,2.25,2.83,3.33,1,1.5,3.8,3,2.5,3.33,4,1,4,2,1,11,18-24,Male,Electrical and Electronics Engineering,0
648,201,2,0,1,2,0,0,0,0,0,2.26,2.25,3,1.67,1.5,3.25,3.4,2.5,2.5,4,3,3,3,3,2,21,25-34,Female,International Management and Psychology,1
653,201,2,0,1,1,0,1,0,0,0,1.4,2.25,2.17,2.33,1,2.75,4.8,2.5,1,4.67,2.5,1,2,3,2,35,25-34,Female,Sustainable Agriculture,1
688,201,2,0,1,2,0,0,0,0,0,2.6,2.75,3.17,4,2.5,2.75,3.6,3,2,3.33,3,3,4,3,3,3,25-34,Other,Bioengineering,0
692,201,2,0,1,1,0,0,1,0,1,2.6,3.25,2.67,2.33,2.5,2.25,4,4,2.5,3.67,3,2,5,2,1,29,18-24,Male,Medieninformatik,1
713,201,2,0,1,2,1,0,0,0,0,1.97,1.75,3.17,3,1.5,3.5,4.2,3,2,3.33,4.5,4,5,2,1,22,18-24,Male,International Relations,0
732,201,2,0,1,2,0,1,0,0,1,1.66,2.5,2.33,3,1,3.75,4.8,2.5,2,4.67,4,1,4,3,2,20,25-34,Female,International Business and Management,1
735,201,2,0,1,1,0,1,0,0,1,2.34,2.75,3.17,3.33,1.5,3.25,4.2,3,2,3.33,4,1,4,2,1,31,18-24,Male,Nachhaltiger Tourismus,1
755,201,2,0,1,1,1,1,0,0,0,2.06,2.5,3.17,2.33,3,1.5,3.4,3,2,3,3,3,3,2,1,13,18-24,Male,Environment and Energy,0
765,201,2,0,1,1,0,1,0,0,0,1.91,2.5,2.33,3,1,2.5,4,3.5,1.5,3,3,3,4,2,2,3,18-24,Female,Bioengineering,1
777,201,2,0,1,2,0,1,1,1,0,2.23,2.25,2.5,3.33,2.5,3.75,3.8,3,1.5,3.33,4,1,5,2,1,16,18-24,Male,Industrial Engineering,0